Battery size (kWh),Solar scaling (%),Buy Electricity price (CHF/kWh),Sell PV price (CHF/kWh),Price type selection,Price peak power (CHF/kW max year/year),Battery C rate (-),Battery SOC for backup (%),Level of peak shaving (%),Battery SOC for peak shaving (%),Dataset choice,Self-consumption ratio with storage (%),Autarky ratio with storage (%),PV sell revenue with storage (CHF),Cost Buying Electricity with storage(CHF),Bill with storage (CHF),Gain of storage (CHF),Total gain of solar and storage (CHF),Throughput Energy (kWh),Number of equivalent 80% DOD cycles,Battery total price (CHF),Battery variable price (CHF/kWh),Cost of storage over 15 years (ct/kWh),Peak grid consumption with batt (kW),Reference grid injection (kWh),Reference grid consumption (kWh),Reference self-consumption (%),Reference autarky (%)
10.0,100.0,0.256,0.11199999999999999,**Fixed price**,0.0,0.5,20.0,100.0,20.0,House1.csv,35.206178417591175,66.87021226238056,887.6366124012417,466.12438501161273,-421.51222738962895,148.85273233697546,1828.4768258446948,1805.7672669621745,225.72090837027181,6722.222222222223,572.2222222222223,24.817602818887266,9.718174482117087,10081.02641873495,3345.372905647112,17.582172233615033,39.13027628512772
0.0,100.0,0.256,0.11199999999999999,**Fixed price**,0.0,0.5,20.0,100.0,20.0,House1.csv,17.582172233615033,39.13027628512772,1129.0749588983142,856.4154638456607,-272.6594950526535,0.0,1679.6240935077192,-0.0,0.0,0.0,0.0,0.0,11.0634906667,10081.02641873495,3345.372905647112,17.582172233615033,39.13027628512772
0.0,100.0,0.256,0.11199999999999999,**Fixed price**,0.0,0.5,20.0,100.0,20.0,House1.csv,17.582172233615033,39.13027628512772,1129.0749588983142,856.4154638456607,-272.6594950526535,0.0,1679.6240935077192,-0.0,0.0,0.0,0.0,0.0,11.0634906667,10081.02641873495,3345.372905647112,17.582172233615033,39.13027628512772
1.0,100.0,0.256,0.11199999999999999,**Fixed price**,0.0,0.5,20.0,100.0,20.0,House1.csv,21.52390721197802,39.34170267678247,1075.0755466437433,853.4407693632874,-221.63477728045598,-51.024717772197505,1628.5993757355218,292.81264058844573,366.01580073555715,1622.2222222222222,622.2222222222223,36.934248443240065,10.6134906667,10081.02641873495,3345.372905647112,17.582172233615033,39.13027628512772
2.0,100.0,0.256,0.11199999999999999,**Fixed price**,0.0,0.5,20.0,100.0,20.0,House1.csv,23.91909140645457,44.15779032768714,1042.2629553728593,785.6801210844926,-256.5828342883667,-16.07666076428677,1663.5474327434324,557.5026729274879,348.4391705796799,2233.3333333333335,616.6666666666667,26.706399111427086,10.638508775183752,10081.02641873495,3345.372905647112,17.582172233615033,39.13027628512772
3.0,100.0,0.256,0.11199999999999999,**Fixed price**,0.0,0.5,20.0,100.0,20.0,House1.csv,26.004541358193674,48.35175417813932,1013.6935380227861,726.6725344366273,-287.0210035861588,14.361508533505344,1693.9856020412244,788.001058270712,328.3337742794633,2833.3333333333335,611.1111111111112,23.970638986629066,11.1134906667,10081.02641873495,3345.372905647112,17.582172233615033,39.13027628512772
4.0,100.0,0.256,0.11199999999999999,**Fixed price**,0.0,0.5,20.0,100.0,20.0,House1.csv,27.845894951866573,52.0554327032926,988.4680948215101,674.563088747138,-313.9050060743722,41.2455110217187,1720.8696045294378,991.5535804952797,309.8604939047749,3422.2222222222226,605.5555555555557,23.009159831200297,11.1134906667,10081.02641873495,3345.372905647112,17.582172233615033,39.13027628512772
5.0,100.0,0.256,0.11199999999999999,**Fixed price**,0.0,0.5,20.0,100.0,20.0,House1.csv,29.49550230974,55.373974939078174,965.869460396581,627.8723743048556,-337.99708609172535,65.33759103907187,1744.961684546791,1173.9391837854446,293.48479594636115,4000.0,600.0,22.71554356050902,11.1134906667,10081.02641873495,3345.372905647112,17.582172233615033,39.13027628512772
6.0,100.0,0.256,0.11199999999999999,**Fixed price**,0.0,0.5,20.0,100.0,20.0,House1.csv,30.956224993099113,58.313128539892304,945.8584330694548,586.5195236471836,-359.3389094222712,86.67941436961769,1766.3035078773369,1335.473756666976,278.22369930562,4566.666666666667,594.4444444444445,22.79673733194617,11.1134906667,10081.02641873495,3345.372905647112,17.582172233615033,39.13027628512772
7.0,100.0,0.256,0.11199999999999999,**Fixed price**,0.0,0.5,20.0,100.0,20.0,House1.csv,32.24501414127263,60.90694110450221,928.2027923672119,550.0254991128429,-378.17729325436903,105.51779820171555,1785.1418917094347,1478.0285400042446,263.9336678579008,5122.222222222223,588.8888888888889,23.1038489608936,11.1134906667,10081.02641873495,3345.372905647112,17.582172233615033,39.13027628512772
8.0,100.0,0.256,0.11199999999999999,**Fixed price**,0.0,0.5,20.0,100.0,20.0,House1.csv,33.362360062692225,63.1563974531273,912.8958213575177,518.3764446299878,-394.5193767275299,121.85988167487642,1801.4839751825957,1601.6576590778973,250.25900923092144,5666.666666666667,583.3333333333334,23.58667444547864,11.1134906667,10081.02641873495,3345.372905647112,17.582172233615033,39.13027628512772
9.0,100.0,0.256,0.11199999999999999,**Fixed price**,0.0,0.5,20.0,100.0,20.0,House1.csv,34.34184005987733,65.128940045044,899.4775310733063,490.62346867227177,-408.8540624010345,136.19456734838104,1815.8186608561002,1710.0677214127256,237.50940575176745,6200.0,577.7777777777778,24.170582729429526,11.1134906667,10081.02641873495,3345.372905647112,17.582172233615033,39.13027628512772
10.0,100.0,0.256,0.11199999999999999,**Fixed price**,0.0,0.5,20.0,100.0,20.0,House1.csv,35.206178417591175,66.87021226238056,887.6366124012417,466.12438501161273,-421.51222738962895,148.85273233697546,1828.4768258446948,1805.7672669621745,225.72090837027181,6722.222222222223,572.2222222222223,24.817602818887266,9.718174482117087,10081.02641873495,3345.372905647112,17.582172233615033,39.13027628512772
11.0,100.0,0.256,0.11199999999999999,**Fixed price**,0.0,0.5,20.0,100.0,20.0,House1.csv,35.97362999377466,68.4168803177538,877.1229847029728,444.36331301689813,-432.7596716860746,160.10017663342114,1839.7242701411403,1890.771454441529,214.86039255017374,7233.333333333334,566.6666666666667,25.503993149962945,9.3724466667,10081.02641873495,3345.372905647112,17.582172233615033,39.13027628512772
12.0,100.0,0.256,0.11199999999999999,**Fixed price**,0.0,0.5,20.0,100.0,20.0,House1.csv,36.670984828096955,69.82275395833904,867.5696404540587,424.58316859485245,-442.98647185920623,170.32697680655275,1849.9510703142719,1968.0376435901449,205.00392120730675,7733.333333333334,561.1111111111112,26.19642755486454,9.3724466667,10081.02641873495,3345.372905647112,17.582172233615033,39.13027628512772
13.0,100.0,0.256,0.11199999999999999,**Fixed price**,0.0,0.5,20.0,100.0,20.0,House1.csv,37.29412040028698,71.07955280171612,859.0330557171641,406.9004537947441,-452.13260192241995,179.47310686976647,1859.0972003774857,2037.1107482780676,195.87603348827574,8222.222222222223,555.5555555555557,26.908117224922,9.3724466667,10081.02641873495,3345.372905647112,17.582172233615033,39.13027628512772
15.0,100.0,0.256,0.11199999999999999,**Fixed price**,0.0,0.5,20.0,100.0,20.0,House1.csv,38.28500642351689,73.0801908597746,845.4585096963391,378.75218457464223,-466.70632512169686,194.04683006904338,1873.6709235767626,2147.064924919091,178.9220770765909,9166.666666666668,544.4444444444445,28.462628401148137,9.3724466667,10081.02641873495,3345.372905647112,17.582172233615033,39.13027628512772
14.0,100.0,0.256,0.11199999999999999,**Fixed price**,0.0,0.5,20.0,100.0,20.0,House1.csv,37.82850617278813,72.15809120419436,851.7122901683217,391.72580029113226,-459.98648987718946,187.32699482453597,1866.951088332255,2096.3867385265517,187.1773873684421,8700.0,550.0,27.666650877960326,9.3724466667,10081.02641873495,3345.372905647112,17.582172233615033,39.13027628512772
17.0,100.0,0.256,0.11199999999999999,**Fixed price**,0.0,0.5,20.0,100.0,20.0,House1.csv,39.004861769791475,74.53644405003023,835.5969218877946,358.26321772387337,-477.3337041639212,204.67420911126771,1884.2983026189868,2227.099951679907,163.75734938822845,10066.666666666668,533.3333333333334,30.133856839469214,9.3724466667,10081.02641873495,3345.372905647112,17.582172233615033,39.13027628512772
20.0,100.0,0.256,0.11199999999999999,**Fixed price**,0.0,0.5,20.0,100.0,20.0,House1.csv,39.76182444649813,76.07241564944059,825.226985840551,336.6526410778453,-488.5743447627057,215.91484971005224,1895.5389432177715,2311.5162667034538,144.46976666896583,11333.333333333336,516.6666666666667,32.686577483319375,9.3724466667,10081.02641873495,3345.372905647112,17.582172233615033,39.13027628512772
25.0,100.0,0.256,0.11199999999999999,**Fixed price**,0.0,0.5,20.0,100.0,20.0,House1.csv,40.4846544551834,77.5502005605716,815.3246469356711,315.86073053692144,-499.4639163987497,226.8044213460962,1906.4285148538154,2392.7346672539375,119.63673336269687,13222.222222222223,488.8888888888889,36.839917670149724,9.3724466667,10081.02641873495,3345.372905647112,17.582172233615033,39.13027628512772
30.0,100.0,0.256,0.11199999999999999,**Fixed price**,0.0,0.5,20.0,100.0,20.0,House1.csv,40.86300345641279,78.33607026191483,810.1414918515169,304.80382204903754,-505.33766980247935,232.67817474982587,1912.3022682575452,2435.9257160347347,101.49690483478061,14833.333333333336,461.1111111111112,40.59601991881053,9.3724466667,10081.02641873495,3345.372905647112,17.582172233615033,39.13027628512772
35.0,100.0,0.256,0.11199999999999999,**Fixed price**,0.0,0.5,20.0,100.0,20.0,House1.csv,41.15615711331655,78.9508189050106,806.1254620423144,296.1545262711971,-509.97093577111735,237.31144071846387,1916.935534226183,2469.712027666924,88.20400098810441,16166.666666666668,433.33333333333337,43.639815723614056,9.3724466667,10081.02641873495,3345.372905647112,17.582172233615033,39.13027628512772
40.0,100.0,0.256,0.11199999999999999,**Fixed price**,0.0,0.5,20.0,100.0,20.0,House1.csv,41.34975555721831,79.36560364705278,803.4732791224885,290.31865179087066,-513.1546273316178,240.49513227896432,1920.1192257866835,2492.508412355699,77.89088788611559,17222.222222222226,405.5555555555556,46.06396281178527,9.3724466667,10081.02641873495,3345.372905647112,17.582172233615033,39.13027628512772
50.0,100.0,0.256,0.11199999999999999,**Fixed price**,0.0,0.5,20.0,100.0,20.0,House1.csv,41.572452176938015,79.86476235365487,800.4224685931267,283.29566549887295,-517.1268030942538,244.4673080416003,1924.0914015493195,2519.941952558815,62.99854881397037,18500.000000000004,350.00000000000006,48.94292632736935,9.3724466667,10081.02641873495,3345.372905647112,17.582172233615033,39.13027628512772
50.0,100.0,0.256,0.11199999999999999,**Fixed price**,0.0,0.5,20.0,100.0,20.0,House2.csv,47.69775780087184,68.53713344456915,1038.6120345611098,889.9963126694199,-148.61572189168987,475.1391066315043,2977.335448053439,4261.521498368694,106.53803745921735,18500.000000000004,350.00000000000006,28.941150098748825,18.218600000000002,14144.092653851867,7463.5225077000905,20.226238166108946,32.45489313415388
45.0,100.0,0.256,0.11199999999999999,**Fixed price**,0.0,0.5,20.0,100.0,20.0,House2.csv,47.33132326614527,67.99358653299508,1045.8886502785938,905.3717313780584,-140.51691890053542,467.04030364034986,2969.236645062285,4201.4612690380745,116.70725747327985,18000.000000000004,377.7777777777778,28.561491423071967,18.218600000000002,14144.092653851867,7463.5225077000905,20.226238166108946,32.45489313415388
40.0,100.0,0.256,0.11199999999999999,**Fixed price**,0.0,0.5,20.0,100.0,20.0,House2.csv,46.84970531629707,67.28323724711875,1055.4525652799532,925.4655217522917,-129.9870435276615,456.51042826747596,2958.706769689411,4122.969900388727,128.84280938714772,17222.222222222226,405.5555555555556,27.847599567484043,18.218600000000002,14144.092653851867,7463.5225077000905,20.226238166108946,32.45489313415388
35.0,100.0,0.256,0.11199999999999999,**Fixed price**,0.0,0.5,20.0,100.0,20.0,House2.csv,46.13332563284359,66.23291875196573,1069.6783523450108,955.1760882122104,-114.5022641328004,441.02564887261485,2943.22199029455,4006.913000154669,143.10403571980962,16166.666666666668,433.33333333333337,26.897958047408938,18.218600000000002,14144.092653851867,7463.5225077000905,20.226238166108946,32.45489313415388
30.0,100.0,0.256,0.11199999999999999,**Fixed price**,0.0,0.5,20.0,100.0,20.0,House2.csv,45.095147453092544,64.71658912862497,1090.2943777039802,998.0688033812844,-92.22557432269582,418.74895906251027,2920.9453004844454,3839.3633315254738,159.97347214689475,14833.333333333336,461.1111111111112,25.75658523299953,18.218600000000002,14144.092653851867,7463.5225077000905,20.226238166108946,32.45489313415388
25.0,100.0,0.256,0.11199999999999999,**Fixed price**,0.0,0.5,20.0,100.0,20.0,House2.csv,43.59809791676665,62.53574689558968,1120.0226187771345,1059.7587178236204,-60.26390095351417,386.7872856933286,2888.9836271152635,3598.3871032350994,179.91935516175496,13222.222222222223,488.8888888888889,24.49657183044573,18.218600000000002,14144.092653851867,7463.5225077000905,20.226238166108946,32.45489313415388
20.0,100.0,0.256,0.11199999999999999,**Fixed price**,0.0,0.5,20.0,100.0,20.0,House2.csv,41.46991766060073,59.44093538621998,1162.2837825978727,1147.3022614766855,-14.981521121187143,341.5049058610016,2843.7012472829365,3256.4201358403143,203.52625849001961,11333.333333333336,516.6666666666667,23.20202934627125,18.218600000000002,14144.092653851867,7463.5225077000905,20.226238166108946,32.45489313415388
17.0,100.0,0.256,0.11199999999999999,**Fixed price**,0.0,0.5,20.0,100.0,20.0,House2.csv,39.790455736603235,57.00109194471893,1195.634348319509,1216.3185941938889,20.68424587437994,305.8391388654345,2808.0354802873694,2986.825086163737,219.61949162968654,10066.666666666668,533.3333333333334,22.469046286640204,18.218600000000002,14144.092653851867,7463.5225077000905,20.226238166108946,32.45489313415388
15.0,100.0,0.256,0.11199999999999999,**Fixed price**,0.0,0.5,20.0,100.0,20.0,House2.csv,38.50335634101933,55.13202589407966,1221.1934231454075,1269.1892342633143,47.9958111179069,278.52757362190755,2780.7239150438427,2780.2991483925443,231.69159569937867,9166.666666666668,544.4444444444445,21.980048854254793,18.218600000000002,14144.092653851867,7463.5225077000905,20.226238166108946,32.45489313415388
14.0,100.0,0.256,0.11199999999999999,**Fixed price**,0.0,0.5,20.0,100.0,20.0,House2.csv,37.81159528847506,54.12767579976167,1234.930336210773,1297.5994835010115,62.66914729023847,263.854237449576,2766.050578871511,2669.32161230779,238.33228681319554,8700.0,550.0,21.728367137392446,18.218600000000002,14144.092653851867,7463.5225077000905,20.226238166108946,32.45489313415388
13.0,100.0,0.256,0.11199999999999999,**Fixed price**,0.0,0.5,20.0,100.0,20.0,House2.csv,37.086864441296285,53.075580637115124,1249.3219597444595,1327.3603069047876,78.03834716032816,248.4850375794863,2750.681379001421,2553.0683958867894,245.4873457583451,8222.222222222223,555.5555555555557,21.470170913997507,18.218600000000002,14144.092653851867,7463.5225077000905,20.226238166108946,32.45489313415388
12.0,100.0,0.256,0.11199999999999999,**Fixed price**,0.0,0.5,20.0,100.0,20.0,House2.csv,36.31569250092534,51.956232002243716,1264.6358052758937,1359.0235425439175,94.38773726802378,232.13564747179066,2734.331988893726,2429.383881671438,253.06082100744143,7733.333333333334,561.1111111111112,21.22165868659871,18.218600000000002,14144.092653851867,7463.5225077000905,20.226238166108946,32.45489313415388
11.0,100.0,0.256,0.11199999999999999,**Fixed price**,0.0,0.5,20.0,100.0,20.0,House2.csv,35.49057067386953,50.758756067683585,1281.0209815805056,1392.8967805208595,111.87579894035389,214.64758579946056,2716.8439272213955,2297.0665458240082,261.03028929818277,7233.333333333334,566.6666666666667,20.99295830583953,18.218600000000002,14144.092653851867,7463.5225077000905,20.226238166108946,32.45489313415388
10.0,100.0,0.256,0.11199999999999999,**Fixed price**,0.0,0.5,20.0,100.0,20.0,House2.csv,34.618387008344406,49.49312773125708,1298.3407065726612,1428.6978589332489,130.35715236058763,196.1662323792268,2698.3625738011615,2157.2185832756118,269.6523229094514,6722.222222222223,572.2222222222223,20.774350435441786,18.218600000000002,14144.092653851867,7463.5225077000905,20.226238166108946,32.45489313415388
9.0,100.0,0.256,0.11199999999999999,**Fixed price**,0.0,0.5,20.0,100.0,20.0,House2.csv,33.70950564537411,48.17435577985077,1316.3891703072618,1466.0022212657677,149.61305095850594,176.9103337813085,2679.1066752032434,2011.4984179142102,279.3747802658625,6200.0,577.7777777777778,20.548528880372295,18.218600000000002,14144.092653851867,7463.5225077000905,20.226238166108946,32.45489313415388
8.0,100.0,0.256,0.11199999999999999,**Fixed price**,0.0,0.5,20.0,100.0,20.0,House2.csv,32.757428754817475,46.7930304082925,1335.2954059633712,1505.0760445335134,169.78063857014217,156.74274616967227,2658.939087591607,1858.866295774579,290.44785871477796,5666.666666666667,583.3333333333334,20.323020468793853,18.218600000000002,14144.092653851867,7463.5225077000905,20.226238166108946,32.45489313415388
7.0,100.0,0.256,0.11199999999999999,**Fixed price**,0.0,0.5,20.0,100.0,20.0,House2.csv,31.740238486796237,45.31741137519907,1355.49465573517,1546.8171712056246,191.32251547045462,135.20086926935983,2637.3972106912947,1695.8150197116447,302.82411066279366,5122.222222222223,588.8888888888889,20.136717596683795,18.218600000000002,14144.092653851867,7463.5225077000905,20.226238166108946,32.45489313415388
6.0,100.0,0.256,0.11199999999999999,**Fixed price**,0.0,0.5,20.0,100.0,20.0,House2.csv,30.65944695634378,43.74968844354572,1376.956892212641,1591.163659024864,214.20676681222312,112.31661792759132,2614.512959349526,1522.58655166774,317.2055315974458,4566.666666666667,594.4444444444445,19.995214335170388,18.218600000000002,14144.092653851867,7463.5225077000905,20.226238166108946,32.45489313415388
5.0,100.0,0.256,0.11199999999999999,**Fixed price**,0.0,0.5,20.0,100.0,20.0,House2.csv,29.489727162656255,42.05318442448907,1400.1850561250562,1639.1530028670472,238.967946741991,87.55543799782345,2589.7517794197583,1335.128177284213,333.78204432105326,4000.0,600.0,19.973113533495628,18.218600000000002,14144.092653851867,7463.5225077000905,20.226238166108946,32.45489313415388
4.0,100.0,0.256,0.11199999999999999,**Fixed price**,0.0,0.5,20.0,100.0,20.0,House2.csv,28.2143513875524,40.20367514386003,1425.511324615944,1691.4704367253926,265.9591121094486,60.56427263036585,2562.7606140523008,1130.7632012750519,353.3635003984537,3422.2222222222226,605.5555555555557,20.1764744281462,18.218600000000002,14144.092653851867,7463.5225077000905,20.226238166108946,32.45489313415388
3.0,100.0,0.256,0.11199999999999999,**Fixed price**,0.0,0.5,20.0,100.0,20.0,House2.csv,26.828591198500124,38.194313142132884,1453.0295943659428,1748.3096560382469,295.2800616723041,31.243323067510346,2533.439664489445,908.7350008342138,378.6395836809224,2833.3333333333335,611.1111111111112,20.78591544460045,18.218600000000002,14144.092653851867,7463.5225077000905,20.226238166108946,32.45489313415388
2.0,100.0,0.256,0.11199999999999999,**Fixed price**,0.0,0.5,20.0,100.0,20.0,House2.csv,25.24689910662095,35.90121318595644,1484.438657773615,1813.1750268392163,328.73636906560137,-2.2129843257869197,2499.983357096148,655.3546461429271,409.5966538393294,2233.3333333333335,616.6666666666667,22.71882709082336,18.218600000000002,14144.092653851867,7463.5225077000905,20.226238166108946,32.45489313415388
1.0,100.0,0.256,0.11199999999999999,**Fixed price**,0.0,0.5,20.0,100.0,20.0,House2.csv,23.351512695819295,33.1538381317013,1522.0770276336934,1890.8905669505787,368.8135393168852,-42.29015457707078,2459.9061868448644,351.77831758291853,439.7228969786481,1622.2222222222222,622.2222222222223,30.743267206244536,18.218600000000002,14144.092653851867,7463.5225077000905,20.226238166108946,32.45489313415388
0.0,100.0,0.256,0.11199999999999999,**Fixed price**,0.0,0.5,20.0,100.0,20.0,House2.csv,20.226238166108946,32.45489313415388,1584.1383772314089,1910.6617619712233,326.52338473981445,0.0,2502.196341421935,-0.0,0.0,0.0,0.0,0.0,18.1686,14144.092653851867,7463.5225077000905,20.226238166108946,32.45489313415388
0.0,100.0,0.256,0.11199999999999999,**Fixed price**,0.0,0.5,20.0,100.0,20.0,House3.csv,20.855233042839412,28.696303559320274,1217.27890175563,1821.7591802362067,604.4802784805768,0.0,1950.4492289283382,-0.0,0.0,0.0,0.0,0.0,13.871243326699998,10868.561622818124,7116.246797797682,20.855233042839412,28.696303559320274
0.0,100.0,0.256,0.11199999999999999,**Fixed price**,0.0,0.5,20.0,100.0,20.0,House3.csv,20.855233042839412,28.696303559320274,1217.27890175563,1821.7591802362067,604.4802784805768,0.0,1950.4492289283382,-0.0,0.0,0.0,0.0,0.0,13.871243326699998,10868.561622818124,7116.246797797682,20.855233042839412,28.696303559320274
1.0,100.0,0.256,0.11199999999999999,**Fixed price**,0.0,0.5,20.0,100.0,20.0,House3.csv,24.883058071339534,29.457514352252446,1155.3293046355782,1802.3107810740012,646.981476438423,-42.501197957846216,1907.948030970492,354.21396924401455,442.76746155501814,1622.2222222222222,622.2222222222223,30.53186986921059,13.921243326699999,10868.561622818124,7116.246797797682,20.855233042839412,28.696303559320274
3.0,100.0,0.256,0.11199999999999999,**Fixed price**,0.0,0.5,20.0,100.0,20.0,House3.csv,29.64040787682185,35.37099060633355,1082.1593179247775,1651.2256313448638,569.0663134200863,35.413965060490455,1985.8631939888287,944.390335373458,393.4959730722742,2833.3333333333335,611.1111111111112,20.00114590480143,13.921243326699999,10868.561622818124,7116.246797797682,20.855233042839412,28.696303559320274
2.0,100.0,0.256,0.11199999999999999,**Fixed price**,0.0,0.5,20.0,100.0,20.0,House3.csv,27.37116050103316,32.550141605348934,1117.061271138021,1723.2963348304693,606.2350636924482,-1.7547852118714218,1948.6944437164668,662.8641498828115,414.2900936767572,2233.3333333333335,616.6666666666667,22.461448385044072,13.921243326699999,10868.561622818124,7116.246797797682,20.855233042839412,28.696303559320274
3.0,100.0,0.256,0.11199999999999999,**Fixed price**,0.0,0.5,20.0,100.0,20.0,House3.csv,29.64040787682185,35.37099060633355,1082.1593179247775,1651.2256313448638,569.0663134200863,35.413965060490455,1985.8631939888287,944.390335373458,393.4959730722742,2833.3333333333335,611.1111111111112,20.00114590480143,13.921243326699999,10868.561622818124,7116.246797797682,20.855233042839412,28.696303559320274
4.0,100.0,0.256,0.11199999999999999,**Fixed price**,0.0,0.5,20.0,100.0,20.0,House3.csv,31.768689741667128,38.01678602967086,1049.4254719527805,1583.6274233683441,534.2019514155636,70.27832706501317,2020.7275559933514,1208.4458352817376,377.639323525543,3422.2222222222226,605.5555555555557,18.879468279598782,13.921243326699999,10868.561622818124,7116.246797797682,20.855233042839412,28.696303559320274
5.0,100.0,0.256,0.11199999999999999,**Fixed price**,0.0,0.5,20.0,100.0,20.0,House3.csv,33.74568214014131,40.47470739664238,1019.0185198810598,1520.8292650946805,501.81074521362075,102.66953326695602,2053.118762195294,1453.7511410382367,363.4377852595592,4000.0,600.0,18.343350463423835,13.921243326699999,10868.561622818124,7116.246797797682,20.855233042839412,28.696303559320274
6.0,100.0,0.256,0.11199999999999999,**Fixed price**,0.0,0.5,20.0,100.0,20.0,House3.csv,35.54166397891735,42.70784650407366,991.3955842868252,1463.7741350974306,472.3785508106055,132.1017276699713,2082.5509565983093,1676.6227425899933,349.2964047062486,4566.666666666667,594.4444444444445,18.158196039625967,13.921243326699999,10868.561622818124,7116.246797797682,20.855233042839412,28.696303559320274
7.0,100.0,0.256,0.11199999999999999,**Fixed price**,0.0,0.5,20.0,100.0,20.0,House3.csv,37.134728736714465,44.68899942883238,966.8935964315003,1413.157074435875,446.26347800437475,158.21680047620202,2108.6660294045405,1874.3456357991954,334.7045778212849,5122.222222222223,588.8888888888889,18.21870390174214,13.921243326699999,10868.561622818124,7116.246797797682,20.855233042839412,28.696303559320274
8.0,100.0,0.256,0.11199999999999999,**Fixed price**,0.0,0.5,20.0,100.0,20.0,House3.csv,38.53916855694514,46.4359144188401,945.2927373010712,1368.524627886818,423.2318905857469,181.24838789482988,2131.697616823168,2048.6911301314485,320.10798908303883,5666.666666666667,583.3333333333334,18.439957698920615,13.921243326699999,10868.561622818124,7116.246797797682,20.855233042839412,28.696303559320274
9.0,100.0,0.256,0.11199999999999999,**Fixed price**,0.0,0.5,20.0,100.0,20.0,House3.csv,39.78012671974221,47.97981486421249,926.2062929584911,1329.0790598429815,402.8727668844904,201.6075115960864,2152.0567405244246,2202.775380302686,305.9410250420397,6200.0,577.7777777777778,18.764207055761478,13.921243326699999,10868.561622818124,7116.246797797682,20.855233042839412,28.696303559320274
10.0,100.0,0.256,0.11199999999999999,**Fixed price**,0.0,0.5,20.0,100.0,20.0,House3.csv,40.86090997015992,49.324807142092666,909.5834043117097,1294.7154552630495,385.1320509513398,219.34822752923696,2169.797456457575,2337.0082106930445,292.12602633663056,6722.222222222223,572.2222222222223,19.176147781494056,13.921243326699999,10868.561622818124,7116.246797797682,20.855233042839412,28.696303559320274
11.0,100.0,0.256,0.11199999999999999,**Fixed price**,0.0,0.5,20.0,100.0,20.0,House3.csv,41.80850620516822,50.504405321887766,895.0089864619101,1264.5775532986058,369.5685668366957,234.91171164388106,2185.360940572219,2454.7343902416524,278.94708980018777,7233.333333333334,566.6666666666667,19.64457841708694,13.921243326699999,10868.561622818124,7116.246797797682,20.855233042839412,28.696303559320274
12.0,100.0,0.256,0.11199999999999999,**Fixed price**,0.0,0.5,20.0,100.0,20.0,House3.csv,42.65921425297672,51.563685959558,881.9247485777867,1237.5136797204998,355.58893114271314,248.89134733786364,2199.340576266202,2560.4526464061296,266.7138173339718,7733.333333333334,561.1111111111112,20.135328660703536,13.921243326699999,10868.561622818124,7116.246797797682,20.855233042839412,28.696303559320274
13.0,100.0,0.256,0.11199999999999999,**Fixed price**,0.0,0.5,20.0,100.0,20.0,House3.csv,43.45220064027254,52.55128677205069,869.7282934519902,1212.281175146714,342.55288169472385,261.9273967858529,2212.376625714191,2659.01711739748,255.67472282668078,8222.222222222223,555.5555555555557,20.614690464446863,13.921243326699999,10868.561622818124,7116.246797797682,20.855233042839412,28.696303559320274
14.0,100.0,0.256,0.11199999999999999,**Fixed price**,0.0,0.5,20.0,100.0,20.0,House3.csv,44.20615354288795,53.49041508161964,858.1321892930391,1188.287108853106,330.1549195600669,274.32535892050987,2224.774587848848,2752.7439388568855,245.78070882650763,8700.0,550.0,21.06988564438917,13.921243326699999,10868.561622818124,7116.246797797682,20.855233042839412,28.696303559320274
15.0,100.0,0.256,0.11199999999999999,**Fixed price**,0.0,0.5,20.0,100.0,20.0,House3.csv,44.91690179481033,54.375891057194266,847.200590341044,1165.6638218721332,318.46323153108926,286.0170469494875,2236.466275877826,2841.116153626311,236.75967946885925,9166.666666666668,544.4444444444445,21.509543364888767,13.921243326699999,10868.561622818124,7116.246797797682,20.855233042839412,28.696303559320274
16.0,100.0,0.256,0.11199999999999999,**Fixed price**,0.0,0.5,20.0,100.0,20.0,House3.csv,45.581933974402865,55.20459596895505,836.9721232884496,1144.4909955522103,307.5188722637607,296.96140621681604,2247.410635145154,2923.822506438511,228.42363331550865,9622.222222222223,538.8888888888889,21.939822956724754,13.921243326699999,10868.561622818124,7116.246797797682,20.855233042839412,28.696303559320274
17.0,100.0,0.256,0.11199999999999999,**Fixed price**,0.0,0.5,20.0,100.0,20.0,House3.csv,46.19862554924749,55.97327062402305,827.4871545178025,1124.851899973904,297.36474545610145,307.1155330244753,2257.5647619528136,3000.5377235412698,220.62777378979922,10066.666666666668,533.3333333333334,22.36636139735174,13.921243326699999,10868.561622818124,7116.246797797682,20.855233042839412,28.696303559320274
18.0,100.0,0.256,0.11199999999999999,**Fixed price**,0.0,0.5,20.0,100.0,20.0,House3.csv,46.77941037360505,56.69735561249543,818.5544462626506,1106.3520389447046,287.7975926820541,316.6826857985227,2267.131914726861,3072.802805686579,213.38908372823468,10500.0,527.7777777777778,22.780505104478834,13.921243326699999,10868.561622818124,7116.246797797682,20.855233042839412,28.696303559320274
20.0,100.0,0.256,0.11199999999999999,**Fixed price**,0.0,0.5,20.0,100.0,20.0,House3.csv,47.76489299236438,57.92685746015977,803.3973203276921,1074.9391334445904,271.5418131168983,332.93846536367846,2283.387694292017,3195.509467796401,199.71934173727507,11333.333333333336,516.6666666666667,23.644290939202914,13.921243326699999,10868.561622818124,7116.246797797682,20.855233042839412,28.696303559320274
25.0,100.0,0.256,0.11199999999999999,**Fixed price**,0.0,0.5,20.0,100.0,20.0,House3.csv,49.33716878822622,59.89361689199132,779.2150752137529,1024.6898163809788,245.47474116722583,359.00553731335094,2309.454766241689,3391.7958625761344,169.58979312880672,13222.222222222223,488.8888888888889,25.988636026343265,13.921243326699999,10868.561622818124,7116.246797797682,20.855233042839412,28.696303559320274
30.0,100.0,0.256,0.11199999999999999,**Fixed price**,0.0,0.5,20.0,100.0,20.0,House3.csv,50.4288324470966,61.26354328659255,762.4248414327176,989.6891626955285,227.26432126281088,377.2159572177659,2327.665186146104,3528.517166034923,147.02154858478843,14833.333333333336,461.1111111111112,28.02562216241466,13.921243326699999,10868.561622818124,7116.246797797682,20.855233042839412,28.696303559320274
35.0,100.0,0.256,0.11199999999999999,**Fixed price**,0.0,0.5,20.0,100.0,20.0,House3.csv,51.29676475482693,62.355635953022784,749.0756873828476,961.7869649126542,212.71127752980658,391.7690009507702,2342.2182298791085,3637.510126124277,129.9110759330099,16166.666666666668,433.33333333333337,29.62954714647453,13.921243326699999,10868.561622818124,7116.246797797682,20.855233042839412,28.696303559320274
40.0,100.0,0.256,0.11199999999999999,**Fixed price**,0.0,0.5,20.0,100.0,20.0,House3.csv,51.92804332243548,63.15384762973654,739.3663646945093,941.3932192527107,202.0268545582013,402.45342392237546,2352.902652850714,3717.173195108431,116.16166234713847,17222.222222222226,405.5555555555556,30.887668878572573,13.921243326699999,10868.561622818124,7116.246797797682,20.855233042839412,28.696303559320274
45.0,100.0,0.256,0.11199999999999999,**Fixed price**,0.0,0.5,20.0,100.0,20.0,House3.csv,52.46318654020038,63.832676651672685,731.1356430252495,924.0496162664087,192.91397324115928,411.5663052394175,2362.0155341677555,3784.921644273673,105.13671234093536,18000.000000000004,377.7777777777778,31.70475145279475,13.921243326699999,10868.561622818124,7116.246797797682,20.855233042839412,28.696303559320274
50.0,100.0,0.256,0.11199999999999999,**Fixed price**,0.0,0.5,20.0,100.0,20.0,House3.csv,52.843411695296474,64.31912555927538,725.2876245521422,911.6211895875988,186.33356503545656,418.1467134451202,2368.5959423734585,3833.470185987773,95.83675464969433,18500.000000000004,350.00000000000006,32.17276445350884,13.921243326699999,10868.561622818124,7116.246797797682,20.855233042839412,28.696303559320274
50.0,100.0,0.256,0.11199999999999999,**Fixed price**,0.0,0.5,20.0,100.0,20.0,House4.csv,94.25927934764125,45.261908558422256,65.97003799477862,2747.1563540266825,2681.186316031904,359.90609167295815,2337.54247351447,3467.398742638772,86.68496856596929,18500.000000000004,350.00000000000006,35.569411679336824,10.7598933333,4507.041344666875,13851.097805888874,56.073232563453935,29.347028161925202
50.0,100.0,0.256,0.11199999999999999,**Fixed price**,0.0,0.5,20.0,100.0,20.0,House4.csv,94.25927934764125,45.261908558422256,65.97003799477862,2747.1563540266825,2681.186316031904,359.90609167295815,2337.54247351447,3467.398742638772,86.68496856596929,18500.000000000004,350.00000000000006,35.569411679336824,10.7598933333,4507.041344666875,13851.097805888874,56.073232563453935,29.347028161925202
50.0,100.0,0.256,0.11199999999999999,**Fixed price**,0.0,0.5,20.0,100.0,20.0,House4.csv,94.25927934764125,45.261908558422256,65.97003799477862,2747.1563540266825,2681.186316031904,359.90609167295815,2337.54247351447,3467.398742638772,86.68496856596929,18500.000000000004,350.00000000000006,35.569411679336824,10.7598933333,4507.041344666875,13851.097805888874,56.073232563453935,29.347028161925202
45.0,100.0,0.256,0.11199999999999999,**Fixed price**,0.0,0.5,20.0,100.0,20.0,House4.csv,93.95249131973733,45.109731187819236,69.49552182908609,2754.7937235363106,2685.2982017072245,355.7942059976376,2333.4305878391497,3437.5652679917853,95.48792411088293,18000.000000000004,377.7777777777778,34.90842810094589,10.7598933333,4507.041344666875,13851.097805888874,56.073232563453935,29.347028161925202
40.0,100.0,0.256,0.11199999999999999,**Fixed price**,0.0,0.5,20.0,100.0,20.0,House4.csv,93.56641974628323,44.92010493929807,73.9321000762798,2764.310550663379,2690.3784505870995,350.7139571177627,2328.3503389592747,3400.390162026675,106.2621925633336,17222.222222222226,405.5555555555556,33.76518850601067,10.7598933333,4507.041344666875,13851.097805888874,56.073232563453935,29.347028161925202
35.0,100.0,0.256,0.11199999999999999,**Fixed price**,0.0,0.5,20.0,100.0,20.0,House4.csv,93.04114290707555,44.66472632101855,79.96836888968579,2777.127310901319,2697.1589420116334,343.93346569322875,2321.569847534741,3350.324692347221,119.65445329811503,16166.666666666668,433.33333333333337,32.16935302538369,10.7598933333,4507.041344666875,13851.097805888874,56.073232563453935,29.347028161925202
30.0,100.0,0.256,0.11199999999999999,**Fixed price**,0.0,0.5,20.0,100.0,20.0,House4.csv,92.3147871908453,44.314369882747734,88.31535476466404,2794.710750334846,2706.3953955701822,334.6970121346799,2312.333393976192,3281.639382060008,136.7349742525003,14833.333333333336,461.1111111111112,30.133990172562058,10.7598933333,4507.041344666875,13851.097805888874,56.073232563453935,29.347028161925202
25.0,100.0,0.256,0.11199999999999999,**Fixed price**,0.0,0.5,20.0,100.0,20.0,House4.csv,90.71605553681486,43.55195442558843,106.68733179450041,2832.974314379251,2726.2869825847506,314.8054251201115,2292.4418069616236,3132.1723350115494,156.60861675057745,13222.222222222223,488.8888888888889,28.14281550310134,10.7598933333,4507.041344666875,13851.097805888874,56.073232563453935,29.347028161925202
20.0,100.0,0.256,0.11199999999999999,**Fixed price**,0.0,0.5,20.0,100.0,20.0,House4.csv,87.53381615058781,42.04158316834522,143.2563387068335,2908.7757514955497,2765.519412788716,275.57299491614594,2253.209376757658,2836.0729712760085,177.25456070475053,11333.333333333336,516.6666666666667,26.64090674703675,10.7598933333,4507.041344666875,13851.097805888874,56.073232563453935,29.347028161925202
17.0,100.0,0.256,0.11199999999999999,**Fixed price**,0.0,0.5,20.0,100.0,20.0,House4.csv,84.84668322896098,40.76797855738543,174.1357825383159,2972.6945127707795,2798.5587302324634,242.53367747239872,2220.1700593139108,2586.3903100446437,190.17575809151793,10066.666666666668,533.3333333333334,25.94778941541608,10.7598933333,4507.041344666875,13851.097805888874,56.073232563453935,29.347028161925202
16.0,100.0,0.256,0.11199999999999999,**Fixed price**,0.0,0.5,20.0,100.0,20.0,House4.csv,83.82489103680965,40.28389034446189,185.87780480712206,2996.9895872795737,2811.1117824724515,229.9806252324106,2207.6170070739227,2491.487675244665,194.64747462848942,9622.222222222223,538.8888888888889,25.746925736587794,10.7598933333,4507.041344666875,13851.097805888874,56.073232563453935,29.347028161925202
15.0,100.0,0.256,0.11199999999999999,**Fixed price**,0.0,0.5,20.0,100.0,20.0,House4.csv,82.75447422893204,39.77683472656783,198.17860147747058,3022.4373335538357,2824.258732076365,216.83367562849708,2194.470057470009,2392.0824163608304,199.34020136340254,9166.666666666668,544.4444444444445,25.547243143938942,10.7598933333,4507.041344666875,13851.097805888874,56.073232563453935,29.347028161925202
14.0,100.0,0.256,0.11199999999999999,**Fixed price**,0.0,0.5,20.0,100.0,20.0,House4.csv,81.59696421228003,39.22864140575874,211.48023804926493,3049.949669567651,2838.469431518386,202.62297618647608,2180.259358027988,2284.6123538068623,203.98324587561268,8700.0,550.0,25.387239066336253,10.7598933333,4507.041344666875,13851.097805888874,56.073232563453935,29.347028161925202
13.0,100.0,0.256,0.11199999999999999,**Fixed price**,0.0,0.5,20.0,100.0,20.0,House4.csv,80.3628046402158,38.64424334885727,225.66270028547297,3079.2790230949145,2853.6163228094415,187.47608489542063,2165.1124667369327,2170.0445665909897,208.65813140297976,8222.222222222223,555.5555555555557,25.259764549870795,10.7598933333,4507.041344666875,13851.097805888874,56.073232563453935,29.347028161925202
12.0,100.0,0.256,0.11199999999999999,**Fixed price**,0.0,0.5,20.0,100.0,20.0,House4.csv,79.07595935438027,38.03495966342647,240.45060541809593,3109.8573188256396,2869.4067134075435,171.6856942973186,2149.3220761388307,2050.598098892844,213.60396863467125,7733.333333333334,561.1111111111112,25.141716255072776,10.7598933333,4507.041344666875,13851.097805888874,56.073232563453935,29.347028161925202
11.0,100.0,0.256,0.11199999999999999,**Fixed price**,0.0,0.5,20.0,100.0,20.0,House4.csv,77.7326136527628,37.39898850888386,255.88779045851697,3141.77498625188,2885.887195793363,155.2052119114992,2132.8415937530112,1925.9197105090946,218.85451255785165,7233.333333333334,566.6666666666667,25.038542343738328,10.7598933333,4507.041344666875,13851.097805888874,56.073232563453935,29.347028161925202
10.0,100.0,0.256,0.11199999999999999,**Fixed price**,0.0,0.5,20.0,100.0,20.0,House4.csv,76.34095691256792,36.74019806474935,271.8801463988159,3174.8378919344395,2902.957745535624,138.13466216923825,2115.7710440107503,1796.767735186597,224.5959668983246,6722.222222222223,572.2222222222223,24.941907591723716,10.7598933333,4507.041344666875,13851.097805888874,56.073232563453935,29.347028161925202
9.0,100.0,0.256,0.11199999999999999,**Fixed price**,0.0,0.5,20.0,100.0,20.0,House4.csv,74.89616464555733,36.056309526892726,288.48311430496005,3209.160402872257,2920.6772885672967,120.4151191375654,2098.0515009790774,1662.6954268357479,230.92992039385385,6200.0,577.7777777777778,24.859233186197073,10.7598933333,4507.041344666875,13851.097805888874,56.073232563453935,29.347028161925202
8.0,100.0,0.256,0.11199999999999999,**Fixed price**,0.0,0.5,20.0,100.0,20.0,House4.csv,73.42207574494401,35.3585829845979,305.4227472657078,3244.1774057227135,2938.7546584570055,102.33774924785666,2079.9741310893687,1525.91025945115,238.42347803924218,5666.666666666667,583.3333333333334,24.75753573566374,10.7598933333,4507.041344666875,13851.097805888874,56.073232563453935,29.347028161925202
7.0,100.0,0.256,0.11199999999999999,**Fixed price**,0.0,0.5,20.0,100.0,20.0,House4.csv,71.88428564158147,34.63076774548156,323.0944086633301,3280.7044786629517,2957.6100699996214,83.48233770524075,2061.118719546753,1383.2263807783454,247.00471085327595,5122.222222222223,588.8888888888889,24.68731700224868,10.7598933333,4507.041344666875,13851.097805888874,56.073232563453935,29.347028161925202
6.0,100.0,0.256,0.11199999999999999,**Fixed price**,0.0,0.5,20.0,100.0,20.0,House4.csv,70.27198428350712,33.86775777759941,341.6223232392633,3318.9978795881625,2977.3755563488994,63.71685135596272,2041.3532331974748,1233.6427834142414,257.0089132113003,4566.666666666667,594.4444444444445,24.678492715846083,10.7598933333,4507.041344666875,13851.097805888874,56.073232563453935,29.347028161925202
5.0,100.0,0.256,0.11199999999999999,**Fixed price**,0.0,0.5,20.0,100.0,20.0,House4.csv,68.5654071964649,33.06021750724068,361.23361633134857,3359.526135623835,2998.2925192924868,42.79988841237537,2020.4362702538874,1075.3292832748937,268.8323208187234,4000.0,600.0,24.798605488966015,10.7598933333,4507.041344666875,13851.097805888874,56.073232563453935,29.347028161925202
4.0,100.0,0.256,0.11199999999999999,**Fixed price**,0.0,0.5,20.0,100.0,20.0,House4.csv,66.73321385676574,32.19334351665491,382.2884405517311,3403.032190158453,3020.743749606722,20.348658098140277,1997.9850399396523,905.3837577490434,282.9324242965761,3422.2222222222226,605.5555555555557,25.199054676590176,10.7598933333,4507.041344666875,13851.097805888874,56.073232563453935,29.347028161925202
3.0,100.0,0.256,0.11199999999999999,**Fixed price**,0.0,0.5,20.0,100.0,20.0,House4.csv,64.7245790210227,31.24312895395936,405.3708590242551,3450.7208819789166,3045.3500229546617,-4.257615249799528,1973.3787665917125,719.099805325357,299.6249188855654,2833.3333333333335,611.1111111111112,26.26740926503603,10.7598933333,4507.041344666875,13851.097805888874,56.073232563453935,29.347028161925202
2.0,100.0,0.256,0.11199999999999999,**Fixed price**,0.0,0.5,20.0,100.0,20.0,House4.csv,62.501269282197455,30.19151460923053,430.9202345863978,3503.4985538528217,3072.578319266424,-31.485911561561807,1946.1504702799502,512.9370245679121,320.58564035494504,2233.3333333333335,616.6666666666667,29.026738519082322,10.7598933333,4507.041344666875,13851.097805888874,56.073232563453935,29.347028161925202
1.0,100.0,0.256,0.11199999999999999,**Fixed price**,0.0,0.5,20.0,100.0,20.0,House4.csv,59.983644618485755,29.000883226160656,459.85175813186254,3563.253113852324,3103.4013557204617,-62.308948015599526,1915.3274338259125,279.52077456985893,349.4009682123236,1622.2222222222222,622.2222222222223,38.69055826514939,10.7598933333,4507.041344666875,13851.097805888874,56.073232563453935,29.347028161925202
0.0,100.0,0.256,0.11199999999999999,**Fixed price**,0.0,0.5,20.0,100.0,20.0,House4.csv,56.073232563453935,29.347028161925202,504.78863060269,3545.881038307552,3041.092407704862,0.0,1977.636381841512,-0.0,0.0,0.0,0.0,0.0,10.7098933333,4507.041344666875,13851.097805888874,56.073232563453935,29.347028161925202
0.0,100.0,0.256,0.11199999999999999,**Fixed price**,0.0,0.5,20.0,100.0,20.0,House5.csv,16.738241456807803,44.03599469344064,1477.4400587544517,862.7739828906032,-614.6660758638485,0.0,2156.3248227039003,-0.0,0.0,0.0,0.0,0.0,7.3126,13191.429096021891,3370.2108706664185,16.738241456807803,44.03599469344064
0.0,100.0,0.256,0.11199999999999999,**Fixed price**,0.0,0.5,20.0,100.0,20.0,House5.csv,16.738241456807803,44.03599469344064,1477.4400587544517,862.7739828906032,-614.6660758638485,0.0,2156.3248227039003,-0.0,0.0,0.0,0.0,0.0,7.3126,13191.429096021891,3370.2108706664185,16.738241456807803,44.03599469344064
0.0,100.0,0.256,0.11199999999999999,**Fixed price**,0.0,0.5,20.0,100.0,20.0,House5.csv,16.738241456807803,44.03599469344064,1477.4400587544517,862.7739828906032,-614.6660758638485,0.0,2156.3248227039003,-0.0,0.0,0.0,0.0,0.0,7.3126,13191.429096021891,3370.2108706664185,16.738241456807803,44.03599469344064
1.0,100.0,0.256,0.11199999999999999,**Fixed price**,0.0,0.5,20.0,100.0,20.0,House5.csv,19.95861903350733,44.66883749684267,1420.2959998325841,853.0177064582078,-567.2782933743763,-47.387782489472215,2108.937040214428,307.499304430569,384.3741305382112,1622.2222222222222,622.2222222222223,35.1702090345922,7.1153497467,13191.429096021891,3370.2108706664185,16.738241456807803,44.03599469344064
2.0,100.0,0.256,0.11199999999999999,**Fixed price**,0.0,0.5,20.0,100.0,20.0,House5.csv,21.956544459071758,49.41734926231979,1384.8437693034675,779.811859481001,-605.0319098224666,-9.634166041381945,2146.6906566625184,593.4596441852834,370.9122776158021,2233.3333333333335,616.6666666666667,25.088292076420355,7.1153497467,13191.429096021891,3370.2108706664185,16.738241456807803,44.03599469344064
3.0,100.0,0.256,0.11199999999999999,**Fixed price**,0.0,0.5,20.0,100.0,20.0,House5.csv,23.856637491336073,53.93357244157338,1351.127527773795,710.1871098112201,-640.9404179625749,26.27434209872638,2182.5991648026265,865.431322582865,360.5963844095271,2833.3333333333335,611.1111111111112,21.82598248525986,7.1153497467,13191.429096021891,3370.2108706664185,16.738241456807803,44.03599469344064
4.0,100.0,0.256,0.11199999999999999,**Fixed price**,0.0,0.5,20.0,100.0,20.0,House5.csv,25.549518212598088,57.95275778616684,1321.0881695372268,648.2249873945816,-672.8631821426452,58.197106278796696,2214.5219289826973,1107.470863272859,346.08464477276846,3422.2222222222226,605.5555555555557,20.60082623518529,7.1153497467,13191.429096021891,3370.2108706664185,16.738241456807803,44.03599469344064
5.0,100.0,0.256,0.11199999999999999,**Fixed price**,0.0,0.5,20.0,100.0,20.0,House5.csv,27.005491016857146,61.40323927798924,1295.2526289108118,595.0303376678046,-700.2222912430072,85.55621537915874,2241.881038083059,1315.2624637680824,328.8156159420206,4000.0,600.0,20.274787277262973,7.1153497467,13191.429096021891,3370.2108706664185,16.738241456807803,44.03599469344064
6.0,100.0,0.256,0.11199999999999999,**Fixed price**,0.0,0.5,20.0,100.0,20.0,House5.csv,28.282170119953065,64.43740115308498,1272.5985692069185,548.2539157271048,-724.3446534798137,109.6785776159652,2266.0034003198657,1497.9828619739405,312.0797629112376,4566.666666666667,594.4444444444445,20.323626669751626,7.1153497467,13191.429096021891,3370.2108706664185,16.738241456807803,44.03599469344064
7.0,100.0,0.256,0.11199999999999999,**Fixed price**,0.0,0.5,20.0,100.0,20.0,House5.csv,29.398583613234596,67.09289287088713,1252.7883460508406,507.315295387995,-745.4730506628456,130.8069747989971,2287.1317975028974,1657.8993476735882,296.0534549417122,5122.222222222223,588.8888888888889,20.59723842467627,7.1153497467,13191.429096021891,3370.2108706664185,16.738241456807803,44.03599469344064
8.0,100.0,0.256,0.11199999999999999,**Fixed price**,0.0,0.5,20.0,100.0,20.0,House5.csv,30.334151539486026,69.31899346706608,1236.1871409344164,472.9964208335433,-763.1907201008731,148.52464423702463,2304.849466940925,1791.957451401915,279.9933517815492,5666.666666666667,583.3333333333334,21.081849766144174,7.1153497467,13191.429096021891,3370.2108706664185,16.738241456807803,44.03599469344064
9.0,100.0,0.256,0.11199999999999999,**Fixed price**,0.0,0.5,20.0,100.0,20.0,House5.csv,31.12533584546211,71.20227645553601,1222.147954062084,443.96262391404616,-778.1853301480378,163.5192542841893,2319.84407698809,1905.370720618701,264.6348223081529,6200.0,577.7777777777778,21.693066281564256,7.1153497467,13191.429096021891,3370.2108706664185,16.738241456807803,44.03599469344064
10.0,100.0,0.256,0.11199999999999999,**Fixed price**,0.0,0.5,20.0,100.0,20.0,House5.csv,31.80200289222147,72.81365510491814,1210.1408211500072,419.1206640211335,-791.0201571288737,176.35408126502523,2332.6789039689256,2002.409626450391,250.30120330629887,6722.222222222223,572.2222222222223,22.380443153510324,7.1153497467,13191.429096021891,3370.2108706664185,16.738241456807803,44.03599469344064
11.0,100.0,0.256,0.11199999999999999,**Fixed price**,0.0,0.5,20.0,100.0,20.0,House5.csv,32.419400633921406,74.284307532501,1199.1853936916882,396.44822223568667,-802.7371714560015,188.07109559215303,2344.3959182960534,2090.9738521747922,237.61066501986272,7233.333333333334,566.6666666666667,23.062087635417814,7.1153497467,13191.429096021891,3370.2108706664185,16.738241456807803,44.03599469344064
12.0,100.0,0.256,0.11199999999999999,**Fixed price**,0.0,0.5,20.0,100.0,20.0,House5.csv,32.98903647969461,75.64155638376387,1189.0774782191702,375.52407660380675,-813.5534016153634,198.88732575151494,2355.2121484554154,2172.7087960493236,226.32383292180452,7733.333333333334,561.1111111111112,23.728700159588794,7.1153497467,13191.429096021891,3370.2108706664185,16.738241456807803,44.03599469344064
13.0,100.0,0.256,0.11199999999999999,**Fixed price**,0.0,0.5,20.0,100.0,20.0,House5.csv,33.51177514602522,76.88745480044044,1179.8017307522691,356.3165746863706,-823.4851560658985,208.81908020205003,2365.14390290595,2247.738100414308,216.12866350137574,8222.222222222223,555.5555555555557,24.38665554706361,7.0810866667,13191.429096021891,3370.2108706664185,16.738241456807803,44.03599469344064
14.0,100.0,0.256,0.11199999999999999,**Fixed price**,0.0,0.5,20.0,100.0,20.0,House5.csv,33.989446773192036,78.02634818065088,1171.325676327589,338.7587252731737,-832.5669510544153,217.9008751905668,2374.225697894467,2316.323449684608,206.81459372184,8700.0,550.0,25.039680882174427,7.0810866667,13191.429096021891,3370.2108706664185,16.738241456807803,44.03599469344064
15.0,100.0,0.256,0.11199999999999999,**Fixed price**,0.0,0.5,20.0,100.0,20.0,House5.csv,34.434960511310464,79.08888739706138,1163.420178254266,322.37799650477587,-841.0422517494901,226.3761758856416,2382.700998589542,2380.310671436163,198.35922261968025,9166.666666666668,544.4444444444445,25.67358616017953,7.0810866667,13191.429096021891,3370.2108706664185,16.738241456807803,44.03599469344064
17.0,100.0,0.256,0.11199999999999999,**Fixed price**,0.0,0.5,20.0,100.0,20.0,House5.csv,35.25107068313295,81.03608574191693,1148.938763821265,292.35884290298515,-856.5799209182799,241.91384505443136,2398.2386677583318,2497.572990193158,183.64507280832044,10066.666666666668,533.3333333333334,26.87053046082183,7.0810866667,13191.429096021891,3370.2108706664185,16.738241456807803,44.03599469344064
20.0,100.0,0.256,0.11199999999999999,**Fixed price**,0.0,0.5,20.0,100.0,20.0,House5.csv,36.3202293702413,83.58884302292118,1129.967054585989,253.00403699478724,-876.9630175912017,262.2969417273532,2418.6217644312537,2651.3027007720557,165.70641879825348,11333.333333333336,516.6666666666667,28.49752143863238,6.9981133333,13191.429096021891,3370.2108706664185,16.738241456807803,44.03599469344064
25.0,100.0,0.256,0.11199999999999999,**Fixed price**,0.0,0.5,20.0,100.0,20.0,House5.csv,37.62015371213373,86.69898443970357,1106.9005192441298,205.05626980386626,-901.8442494402635,287.178173576415,2443.5029962803155,2838.598666361591,141.92993331807955,13222.222222222223,488.8888888888889,31.053402931782937,6.9981133333,13191.429096021891,3370.2108706664185,16.738241456807803,44.03599469344064
30.0,100.0,0.256,0.11199999999999999,**Fixed price**,0.0,0.5,20.0,100.0,20.0,House5.csv,38.52807392909813,88.8783698880207,1090.789909497635,171.45758341252596,-919.3323260851091,304.6662502212606,2460.991072925161,2969.843535077764,123.74348062824016,14833.333333333336,461.1111111111112,33.297676366071435,6.9981133333,13191.429096021891,3370.2108706664185,16.738241456807803,44.03599469344064
35.0,100.0,0.256,0.11199999999999999,**Fixed price**,0.0,0.5,20.0,100.0,20.0,House5.csv,39.04621194353108,90.13227499483814,1081.5957983969236,152.1266456562007,-929.4691527407228,314.80307687687434,2471.1278995807747,3045.355010688409,108.76267895315746,16166.666666666668,433.33333333333337,35.390874758281264,6.9981133333,13191.429096021891,3370.2108706664185,16.738241456807803,44.03599469344064
40.0,100.0,0.256,0.11199999999999999,**Fixed price**,0.0,0.5,20.0,100.0,20.0,House5.csv,39.3956654879524,90.98566371096821,1075.3949124892117,138.9703038694355,-936.4246086197762,321.7585327559277,2478.083355459828,3096.7469707929613,96.77334283728004,17222.222222222226,405.5555555555556,37.07594320675643,6.9981133333,13191.429096021891,3370.2108706664185,16.738241456807803,44.03599469344064
45.0,100.0,0.256,0.11199999999999999,**Fixed price**,0.0,0.5,20.0,100.0,20.0,House5.csv,39.54992038346642,91.3755820298412,1072.657733190108,132.95909400099845,-939.6986391891096,325.0325633252611,2481.3573860291617,3120.228259341543,86.67300720393175,18000.000000000004,377.7777777777778,38.458724819485944,6.278926666699999,13191.429096021891,3370.2108706664185,16.738241456807803,44.03599469344064
50.0,100.0,0.256,0.11199999999999999,**Fixed price**,0.0,0.5,20.0,100.0,20.0,House5.csv,39.61674800984007,91.55791719490433,1071.4719089418165,130.14810798023728,-941.3238009615793,326.6577250977308,2482.982547801631,3131.208673485142,78.28021683712855,18500.000000000004,350.00000000000006,39.3884107366307,6.278926666699999,13191.429096021891,3370.2108706664185,16.738241456807803,44.03599469344064
50.0,100.0,0.256,0.11199999999999999,**Fixed price**,0.0,0.5,20.0,100.0,20.0,Building1.csv,93.13350974636128,41.324666878621045,113.34227714699213,4652.760640655273,4539.418363508281,515.1369448409905,3390.2522376459074,4648.513874991705,116.21284687479262,18500.000000000004,350.00000000000006,26.531776961417254,17.378,6234.843705093825,22472.10079421789,57.695509597110295,27.451490828856954
50.0,100.0,0.256,0.11199999999999999,**Fixed price**,0.0,0.5,20.0,100.0,20.0,Building1.csv,93.13350974636128,41.324666878621045,113.34227714699213,4652.760640655273,4539.418363508281,515.1369448409905,3390.2522376459074,4648.513874991705,116.21284687479262,18500.000000000004,350.00000000000006,26.531776961417254,17.378,6234.843705093825,22472.10079421789,57.695509597110295,27.451490828856954
50.0,100.0,0.256,0.11199999999999999,**Fixed price**,0.0,0.5,20.0,100.0,20.0,Building1.csv,93.13350974636128,41.324666878621045,113.34227714699213,4652.760640655273,4539.418363508281,515.1369448409905,3390.2522376459074,4648.513874991705,116.21284687479262,18500.000000000004,350.00000000000006,26.531776961417254,17.378,6234.843705093825,22472.10079421789,57.695509597110295,27.451490828856954
45.0,100.0,0.256,0.11199999999999999,**Fixed price**,0.0,0.5,20.0,100.0,20.0,Building1.csv,92.32229352459377,40.97172289728882,126.73268337162581,4680.747935781517,4554.015252409891,500.5400559393802,3375.655348744297,4539.188503404814,126.08856953902259,18000.000000000004,377.7777777777778,26.436443410532267,17.378,6234.843705093825,22472.10079421789,57.695509597110295,27.451490828856954
40.0,100.0,0.256,0.11199999999999999,**Fixed price**,0.0,0.5,20.0,100.0,20.0,Building1.csv,91.26254656980781,40.51205758503896,144.2254822569629,4717.197880910699,4572.972398653736,481.5829096955358,3356.6982025004527,4396.805905243949,137.4001845388734,17222.222222222226,405.5555555555556,26.113232489493882,17.378,6234.843705093825,22472.10079421789,57.695509597110295,27.451490828856954
35.0,100.0,0.256,0.11199999999999999,**Fixed price**,0.0,0.5,20.0,100.0,20.0,Building1.csv,89.76100891053146,39.86268337281669,169.01073516461258,4768.691116908764,4599.680381744151,454.87492660512,3329.990219410037,4195.660452126505,149.8450161473752,16166.666666666668,433.33333333333337,25.687917077072402,17.378,6234.843705093825,22472.10079421789,57.695509597110295,27.451490828856954
30.0,100.0,0.256,0.11199999999999999,**Fixed price**,0.0,0.5,20.0,100.0,20.0,Building1.csv,87.70224623259524,38.974031728424386,202.99386794469243,4839.158265100815,4636.1643971561225,418.3909111931489,3293.5062039980658,3920.3981545013075,163.34992310422115,14833.333333333336,461.1111111111112,25.224195347441185,17.378,6234.843705093825,22472.10079421789,57.695509597110295,27.451490828856954
25.0,100.0,0.256,0.11199999999999999,**Fixed price**,0.0,0.5,20.0,100.0,20.0,Building1.csv,84.83258088191461,37.73717118677046,250.36223132707775,4937.237231849622,4686.875000522544,367.6803078267276,3242.7956006316444,3537.2771906387834,176.86385953193914,13222.222222222223,488.8888888888889,24.919773994932473,17.378,6234.843705093825,22472.10079421789,57.695509597110295,27.451490828856954
24.0,100.0,0.256,0.11199999999999999,**Fixed price**,0.0,0.5,20.0,100.0,20.0,Building1.csv,84.1606980791572,37.44773858273594,261.45271919314195,4960.188283961903,4698.735564768761,355.8197435805105,3230.9350363854273,3447.624643325186,179.56378350652008,12866.666666666668,494.4444444444445,24.88025427705677,17.378,6234.843705093825,22472.10079421789,57.695509597110295,27.451490828856954
20.0,100.0,0.256,0.11199999999999999,**Fixed price**,0.0,0.5,20.0,100.0,20.0,Building1.csv,81.27822976091869,36.2063004203811,309.0324157957963,5058.630240953663,4749.597825157866,304.9574831914051,3180.072775996322,3063.085748826118,191.44285930163238,11333.333333333336,516.6666666666667,24.66648398090426,17.378,6234.843705093825,22472.10079421789,57.695509597110295,27.451490828856954
17.0,100.0,0.256,0.11199999999999999,**Fixed price**,0.0,0.5,20.0,100.0,20.0,Building1.csv,78.95118782229034,35.20428742707982,347.4439219070764,5138.086570703218,4790.642648796142,263.91265955312974,3139.0279523580466,2752.709460741919,202.40510740749403,10066.666666666668,533.3333333333334,24.380019783498373,17.378,6234.843705093825,22472.10079421789,57.695509597110295,27.451490828856954
15.0,100.0,0.256,0.11199999999999999,**Fixed price**,0.0,0.5,20.0,100.0,20.0,Building1.csv,77.29727276366103,34.49224125576427,374.7444046906073,5194.549486616674,4819.805081926066,234.75022642320528,3109.865519228122,2532.151195454985,211.01259962124874,9166.666666666668,544.4444444444445,24.134068779463416,17.378,6234.843705093825,22472.10079421789,57.695509597110295,27.451490828856954
14.0,100.0,0.256,0.11199999999999999,**Fixed price**,0.0,0.5,20.0,100.0,20.0,Building1.csv,76.41424936596073,34.112142982219254,389.3201018768648,5224.690027669468,4835.369925792603,219.18538255666863,3094.3006753615855,2414.4147069675087,215.57274169352755,8700.0,550.0,24.022385148924013,17.378,6234.843705093825,22472.10079421789,57.695509597110295,27.451490828856954
13.0,100.0,0.256,0.11199999999999999,**Fixed price**,0.0,0.5,20.0,100.0,20.0,Building1.csv,75.50270277415237,33.719796592715824,404.36661947534094,5255.801803972609,4851.435184497268,203.12012385200342,3078.2354166569203,2292.884330783359,220.4696471907076,8222.222222222223,555.5555555555557,23.90648934134739,17.378,6234.843705093825,22472.10079421789,57.695509597110295,27.451490828856954
12.0,100.0,0.256,0.11199999999999999,**Fixed price**,0.0,0.5,20.0,100.0,20.0,Building1.csv,74.54226908520597,33.30645764423226,420.22009589965876,5288.578221053632,4868.358125153973,186.19718319529875,3061.3124760002156,2164.85145156062,225.50535953756454,7733.333333333334,561.1111111111112,23.814823653784497,17.378,6234.843705093825,22472.10079421789,57.695509597110295,27.451490828856954
11.0,100.0,0.256,0.11199999999999999,**Fixed price**,0.0,0.5,20.0,100.0,20.0,Building1.csv,73.53493879767818,32.872980874742275,436.8476748242821,5322.951501006712,4886.10382618243,168.45148216684174,3043.5667749717586,2030.5808267439013,230.74782122089786,7233.333333333334,566.6666666666667,23.74799445907703,17.378,6234.843705093825,22472.10079421789,57.695509597110295,27.451490828856954
10.0,100.0,0.256,0.11199999999999999,**Fixed price**,0.0,0.5,20.0,100.0,20.0,Building1.csv,72.49380945381417,32.42499048662591,454.03316060802285,5358.4756631091705,4904.442502501148,150.11280584812357,3025.2280986530404,1891.814568531168,236.47682106639598,6722.222222222223,572.2222222222223,23.68879887081622,17.378,6234.843705093825,22472.10079421789,57.695509597110295,27.451490828856954
9.0,100.0,0.256,0.11199999999999999,**Fixed price**,0.0,0.5,20.0,100.0,20.0,Building1.csv,71.41839179357817,31.962276387225657,471.7846292612616,5395.167367016709,4923.382737755448,131.17257059382337,3006.2878633987402,1748.4876001423463,242.8455000197703,6200.0,577.7777777777778,23.639477529018986,17.378,6234.843705093825,22472.10079421789,57.695509597110295,27.451490828856954
8.0,100.0,0.256,0.11199999999999999,**Fixed price**,0.0,0.5,20.0,100.0,20.0,Building1.csv,70.31591496993687,31.487942839811613,489.9827521854251,5432.780454877412,4942.797702691987,111.75760565728433,2986.872898462201,1601.5614756864754,250.24398057601178,5666.666666666667,583.3333333333334,23.588090967026496,17.378,6234.843705093825,22472.10079421789,57.695509597110295,27.451490828856954
7.0,100.0,0.256,0.11199999999999999,**Fixed price**,0.0,0.5,20.0,100.0,20.0,Building1.csv,69.16040438169905,30.990836117134407,509.05628123746595,5472.199380521908,4963.1430992844425,91.41220906482886,2966.5275018697457,1447.581297387664,258.49666024779714,5122.222222222223,588.8888888888889,23.589796448581247,17.378,6234.843705093825,22472.10079421789,57.695509597110295,27.451490828856954
6.0,100.0,0.256,0.11199999999999999,**Fixed price**,0.0,0.5,20.0,100.0,20.0,Building1.csv,67.96620635294646,30.47711665972056,528.7684076577345,5512.935641308862,4984.167233651127,70.38807469814401,2945.503367503061,1288.4552786886247,268.42818306013015,4566.666666666667,594.4444444444445,23.628638842188188,17.378,6234.843705093825,22472.10079421789,57.695509597110295,27.451490828856954
5.0,100.0,0.256,0.11199999999999999,**Fixed price**,0.0,0.5,20.0,100.0,20.0,Building1.csv,66.71068863354648,29.93706597591124,549.4927125149038,5555.759881614223,5006.267169099319,48.28813924995211,2923.403432054869,1121.1730899958095,280.2932724989524,4000.0,600.0,23.784611764777853,17.378,6234.843705093825,22472.10079421789,57.695509597110295,27.451490828856954
4.0,100.0,0.256,0.11199999999999999,**Fixed price**,0.0,0.5,20.0,100.0,20.0,Building1.csv,65.35733798798402,29.355004954141577,571.8319044863943,5601.915403338267,5030.083498851873,24.47180949739868,2899.5871023023155,940.8780832612563,294.02440101914254,3422.2222222222226,605.5555555555557,24.24842837845099,17.378,6234.843705093825,22472.10079421789,57.695509597110295,27.451490828856954
3.0,100.0,0.256,0.11199999999999999,**Fixed price**,0.0,0.5,20.0,100.0,20.0,Building1.csv,63.89494376394394,28.726119639529674,595.9710331120376,5651.783937246025,5055.812904133987,-1.2575957847157042,2873.857697020201,746.0791226840843,310.8663011183684,2833.3333333333335,611.1111111111112,25.31754114889916,17.378,6234.843705093825,22472.10079421789,57.695509597110295,27.451490828856954
2.0,100.0,0.256,0.11199999999999999,**Fixed price**,0.0,0.5,20.0,100.0,20.0,Building1.csv,62.27464349425842,28.029428049426,622.7166506610793,5707.02928544719,5084.312634786111,-29.75732643683932,2845.3579663680775,530.2769812732804,331.42311329580025,2233.3333333333335,616.6666666666667,28.077569675263426,17.378,6234.843705093825,22472.10079421789,57.695509597110295,27.451490828856954
1.0,100.0,0.256,0.11199999999999999,**Fixed price**,0.0,0.5,20.0,100.0,20.0,Building1.csv,60.45043179485763,27.24517505834691,652.8281487293541,5769.2179643194595,5116.389815590105,-61.83450724083377,2813.280785564083,287.3524544284773,359.1905680355966,1622.2222222222222,622.2222222222223,37.636062083842916,17.378,6234.843705093825,22472.10079421789,57.695509597110295,27.451490828856954
0.0,100.0,0.256,0.11199999999999999,**Fixed price**,0.0,0.5,20.0,100.0,20.0,Building1.csv,57.695509597110295,27.451490828856954,698.3024949705083,5752.85780331978,5054.555308349271,0.0,2875.115292804917,-0.0,0.0,0.0,0.0,0.0,17.328,6234.843705093825,22472.10079421789,57.695509597110295,27.451490828856954
