time,Réseau/génératrice [kW],Consommation [kW],Loads [kW],AC-Flex as loads [kW],Solaire [kW],SoC de batterie [%],
2024-03-29T00:00:00,0.72,0.66,0.19,0.46,0,35,
2024-03-29T00:01:00,0.71,0.65,0.19,0.46,0,35,
2024-03-29T00:02:00,0.71,0.65,0.19,0.46,0,35,
2024-03-29T00:03:00,0.71,0.65,0.19,0.47,0,35,
2024-03-29T00:04:00,0.72,0.66,0.19,0.47,0,35,
2024-03-29T00:05:00,0.72,0.66,0.19,0.47,0,35,
2024-03-29T00:06:00,0.72,0.66,0.19,0.47,0,35,
2024-03-29T00:07:00,0.72,0.66,0.18,0.47,0,35,
2024-03-29T00:08:00,0.72,0.66,0.19,0.47,0,35,
2024-03-29T00:09:00,0.81,0.74,0.23,0.5,0,35,
2024-03-29T00:10:00,1.03,0.97,0.25,0.71,0,35,
2024-03-29T00:11:00,1.02,0.96,0.24,0.72,0,35,
2024-03-29T00:12:00,0.96,0.89,0.17,0.72,0,35,
2024-03-29T00:13:00,0.96,0.9,0.17,0.72,0,35,
2024-03-29T00:14:00,0.79,0.73,0.17,0.55,0,35,
2024-03-29T00:15:00,1.2,1.13,0.16,0.98,0,35,
2024-03-29T00:16:00,1.06,0.99,0.13,0.85,0,35,
2024-03-29T00:17:00,0.99,0.93,0.14,0.79,0,35,
2024-03-29T00:18:00,1.02,0.96,0.14,0.82,0,35,
2024-03-29T00:19:00,1.11,1.04,0.14,0.9,0,35,
2024-03-29T00:20:00,1.11,1.05,0.13,0.91,0,35,
2024-03-29T00:21:00,1.09,1.02,0.12,0.9,0,35,
2024-03-29T00:22:00,1.08,1.01,0.12,0.89,0,35,
2024-03-29T00:23:00,1.04,0.97,0.12,0.85,0,35,
2024-03-29T00:24:00,1.03,0.96,0.12,0.84,0,35,
2024-03-29T00:25:00,1.03,0.96,0.12,0.84,0,35,
2024-03-29T00:26:00,1.07,1.01,0.18,0.84,0,35,
2024-03-29T00:27:00,1.08,1.02,0.19,0.83,0,35,
2024-03-29T00:28:00,1.07,1.01,0.18,0.83,0,35,
2024-03-29T00:29:00,1.02,0.95,0.12,0.83,0,35,
2024-03-29T00:30:00,1.02,0.95,0.12,0.83,0,35,
2024-03-29T00:31:00,0.99,0.93,0.12,0.8,0,35,
2024-03-29T00:32:00,0.97,0.91,0.12,0.78,0,35,
2024-03-29T00:33:00,0.94,0.88,0.12,0.76,0,35,
2024-03-29T00:34:00,0.92,0.86,0.1,0.76,0,35,
2024-03-29T00:35:00,0.88,0.81,0.05,0.76,0,35,
2024-03-29T00:36:00,0.88,0.81,0.05,0.76,0,35,
2024-03-29T00:37:00,0.88,0.81,0.05,0.75,0,35,
2024-03-29T00:38:00,0.82,0.75,0.05,0.69,0,35,
2024-03-29T00:39:00,0.81,0.74,0.05,0.69,0,35,
2024-03-29T00:40:00,0.81,0.75,0.05,0.69,0,35,
2024-03-29T00:41:00,0.81,0.74,0.05,0.69,0,35,
2024-03-29T00:42:00,0.81,0.74,0.05,0.69,0,35,
2024-03-29T00:43:00,0.78,0.71,0.05,0.66,0,35,
2024-03-29T00:44:00,0.82,0.75,0.13,0.62,0,35,
2024-03-29T00:45:00,0.81,0.75,0.12,0.62,0,35,
2024-03-29T00:46:00,0.79,0.73,0.1,0.62,0,35,
2024-03-29T00:47:00,0.74,0.68,0.05,0.62,0,35,
2024-03-29T00:48:00,0.74,0.68,0.05,0.62,0,35,
2024-03-29T00:49:00,0.68,0.62,0.05,0.56,0,35,
2024-03-29T00:50:00,0.62,0.56,0.05,0.51,0,35,
2024-03-29T00:51:00,0.6,0.54,0.05,0.49,0,35,
2024-03-29T00:52:00,0.6,0.54,0.05,0.49,0,35,
2024-03-29T00:53:00,0.61,0.55,0.05,0.5,0,35,
2024-03-29T00:54:00,0.61,0.56,0.05,0.5,0,35,
2024-03-29T00:55:00,0.61,0.56,0.05,0.51,0,35,
2024-03-29T00:56:00,0.6,0.55,0.05,0.5,0,35,
2024-03-29T00:57:00,0.59,0.54,0.05,0.49,0,35,
2024-03-29T00:58:00,0.59,0.53,0.05,0.48,0,35,
2024-03-29T00:59:00,0.58,0.53,0.05,0.48,0,35,
2024-03-29T01:00:00,0.59,0.54,0.05,0.48,0,35,
2024-03-29T01:01:00,0.59,0.54,0.05,0.48,0,35,
2024-03-29T01:02:00,0.65,0.6,0.12,0.48,0,35,
2024-03-29T01:03:00,0.66,0.6,0.12,0.48,0,35,
2024-03-29T01:04:00,0.63,0.57,0.09,0.48,0,35,
2024-03-29T01:05:00,0.59,0.53,0.05,0.48,0,35,
2024-03-29T01:06:00,0.59,0.54,0.05,0.49,0,35,
2024-03-29T01:07:00,0.59,0.54,0.05,0.49,0,35,
2024-03-29T01:08:00,0.59,0.54,0.05,0.49,0,35,
2024-03-29T01:09:00,0.59,0.54,0.05,0.49,0,35,
2024-03-29T01:10:00,0.59,0.53,0.05,0.48,0,35,
2024-03-29T01:11:00,0.58,0.53,0.05,0.48,0,35,
2024-03-29T01:12:00,0.61,0.56,0.09,0.47,0,35,
2024-03-29T01:13:00,0.66,0.6,0.13,0.47,0,35,
2024-03-29T01:14:00,0.66,0.6,0.12,0.47,0,35,
2024-03-29T01:15:00,0.65,0.6,0.12,0.48,0,35,
2024-03-29T01:16:00,0.66,0.6,0.12,0.48,0,35,
2024-03-29T01:17:00,0.66,0.6,0.12,0.48,0,35,
2024-03-29T01:18:00,0.66,0.6,0.12,0.48,0,35,
2024-03-29T01:19:00,0.69,0.63,0.15,0.48,0,35,
2024-03-29T01:20:00,0.73,0.67,0.19,0.48,0,35,
2024-03-29T01:21:00,0.73,0.67,0.18,0.48,0,35,
2024-03-29T01:22:00,0.66,0.6,0.12,0.48,0,35,
2024-03-29T01:23:00,0.65,0.6,0.12,0.47,0,35,
2024-03-29T01:24:00,0.66,0.6,0.12,0.47,0,35,
2024-03-29T01:25:00,0.65,0.6,0.12,0.48,0,35,
2024-03-29T01:26:00,0.66,0.6,0.12,0.48,0,35,
2024-03-29T01:27:00,0.66,0.61,0.13,0.48,0,35,
2024-03-29T01:28:00,0.66,0.61,0.13,0.47,0,35,
2024-03-29T01:29:00,0.67,0.61,0.13,0.48,0,35,
2024-03-29T01:30:00,0.66,0.6,0.12,0.48,0,35,
2024-03-29T01:31:00,0.66,0.6,0.12,0.48,0,35,
2024-03-29T01:32:00,0.66,0.6,0.12,0.48,0,35,
2024-03-29T01:33:00,0.66,0.6,0.12,0.48,0,35,
2024-03-29T01:34:00,0.65,0.6,0.12,0.47,0,35,
2024-03-29T01:35:00,0.65,0.59,0.12,0.47,0,35,
2024-03-29T01:36:00,0.68,0.61,0.13,0.47,0,35,
2024-03-29T01:37:00,0.72,0.66,0.19,0.47,0,35,
2024-03-29T01:38:00,0.72,0.66,0.19,0.47,0,35,
2024-03-29T01:39:00,0.68,0.63,0.15,0.47,0,35,
2024-03-29T01:40:00,0.66,0.6,0.13,0.47,0,35,
2024-03-29T01:41:00,0.66,0.6,0.13,0.47,0,35,
2024-03-29T01:42:00,0.66,0.6,0.13,0.47,0,35,
2024-03-29T01:43:00,0.66,0.6,0.13,0.47,0,35,
2024-03-29T01:44:00,0.67,0.6,0.13,0.47,0,35,
2024-03-29T01:45:00,0.66,0.6,0.13,0.47,0,35,
2024-03-29T01:46:00,0.65,0.6,0.12,0.47,0,35,
2024-03-29T01:47:00,0.65,0.59,0.12,0.47,0,35,
2024-03-29T01:48:00,0.65,0.59,0.12,0.47,0,35,
2024-03-29T01:49:00,0.65,0.59,0.12,0.47,0,35,
2024-03-29T01:50:00,0.62,0.57,0.09,0.47,0,35,
2024-03-29T01:51:00,0.58,0.52,0.05,0.47,0,35,
2024-03-29T01:52:00,0.58,0.52,0.05,0.47,0,35,
2024-03-29T01:53:00,0.58,0.53,0.05,0.47,0,35,
2024-03-29T01:54:00,0.65,0.59,0.11,0.47,0,35,
2024-03-29T01:55:00,0.65,0.59,0.12,0.47,0,35,
2024-03-29T01:56:00,0.61,0.56,0.08,0.47,0,35,
2024-03-29T01:57:00,0.58,0.52,0.05,0.47,0,35,
2024-03-29T01:58:00,0.58,0.52,0.05,0.47,0,35,
2024-03-29T01:59:00,0.58,0.52,0.05,0.47,0,35,
2024-03-29T02:00:00,0.58,0.52,0.05,0.47,0,35,
2024-03-29T02:01:00,0.58,0.53,0.05,0.47,0,35,
2024-03-29T02:02:00,0.58,0.53,0.05,0.48,0,35,
2024-03-29T02:03:00,0.58,0.53,0.05,0.47,0,35,
2024-03-29T02:04:00,0.58,0.53,0.05,0.47,0,35,
2024-03-29T02:05:00,0.58,0.53,0.05,0.47,0,35,
2024-03-29T02:06:00,0.57,0.53,0.05,0.47,0,35,
2024-03-29T02:07:00,0.57,0.52,0.05,0.47,0,35,
2024-03-29T02:08:00,0.57,0.52,0.05,0.47,0,35,
2024-03-29T02:09:00,0.57,0.52,0.05,0.47,0,35,
2024-03-29T02:10:00,0.61,0.55,0.08,0.47,0,35,
2024-03-29T02:11:00,0.65,0.59,0.12,0.47,0,35,
2024-03-29T02:12:00,0.65,0.59,0.12,0.47,0,35,
2024-03-29T02:13:00,0.58,0.53,0.05,0.47,0,35,
2024-03-29T02:14:00,0.58,0.52,0.05,0.47,0,35,
2024-03-29T02:15:00,0.59,0.54,0.06,0.47,0,35,
2024-03-29T02:16:00,0.62,0.57,0.09,0.47,0,35,
2024-03-29T02:17:00,0.63,0.57,0.09,0.47,0,35,
2024-03-29T02:18:00,0.63,0.57,0.09,0.47,0,35,
2024-03-29T02:19:00,0.62,0.57,0.09,0.47,0,35,
2024-03-29T02:20:00,0.62,0.57,0.09,0.47,0,35,
2024-03-29T02:21:00,0.58,0.53,0.06,0.47,0,35,
2024-03-29T02:22:00,0.58,0.52,0.05,0.47,0,35,
2024-03-29T02:23:00,0.57,0.52,0.05,0.47,0,35,
2024-03-29T02:24:00,0.58,0.53,0.05,0.47,0,35,
2024-03-29T02:25:00,0.58,0.53,0.05,0.47,0,35,
2024-03-29T02:26:00,0.58,0.52,0.05,0.47,0,35,
2024-03-29T02:27:00,0.58,0.53,0.07,0.47,0,35,
2024-03-29T02:28:00,1.53,1.43,0.99,0.47,0,35,
2024-03-29T02:29:00,2.9,2.81,2.35,0.47,0,35,
2024-03-29T02:30:00,1.41,1.35,0.86,0.46,0,35,
2024-03-29T02:31:00,0.66,0.6,0.13,0.47,0,35,
2024-03-29T02:32:00,0.66,0.61,0.13,0.47,0,35,
2024-03-29T02:33:00,0.66,0.6,0.13,0.47,0,35,
2024-03-29T02:34:00,0.66,0.6,0.13,0.47,0,35,
2024-03-29T02:35:00,0.66,0.6,0.13,0.47,0,35,
2024-03-29T02:36:00,0.66,0.6,0.13,0.47,0,35,
2024-03-29T02:37:00,0.66,0.6,0.13,0.47,0,35,
2024-03-29T02:38:00,0.67,0.6,0.13,0.47,0,35,
2024-03-29T02:39:00,0.66,0.6,0.13,0.47,0,35,
2024-03-29T02:40:00,0.66,0.6,0.13,0.47,0,35,
2024-03-29T02:41:00,0.68,0.62,0.14,0.47,0,35,
2024-03-29T02:42:00,0.69,0.63,0.15,0.47,0,35,
2024-03-29T02:43:00,0.66,0.6,0.12,0.47,0,35,
2024-03-29T02:44:00,0.66,0.6,0.13,0.47,0,35,
2024-03-29T02:45:00,0.72,0.66,0.19,0.47,0,35,
2024-03-29T02:46:00,0.72,0.66,0.19,0.47,0,35,
2024-03-29T02:47:00,0.68,0.62,0.15,0.47,0,35,
2024-03-29T02:48:00,0.65,0.59,0.12,0.47,0,35,
2024-03-29T02:49:00,0.66,0.6,0.13,0.47,0,35,
2024-03-29T02:50:00,0.67,0.61,0.13,0.47,0,35,
2024-03-29T02:51:00,0.67,0.61,0.13,0.47,0,35,
2024-03-29T02:52:00,0.66,0.6,0.12,0.48,0,35,
2024-03-29T02:53:00,0.66,0.6,0.12,0.48,0,35,
2024-03-29T02:54:00,0.66,0.59,0.12,0.47,0,35,
2024-03-29T02:55:00,0.66,0.59,0.12,0.47,0,35,
2024-03-29T02:56:00,0.66,0.6,0.12,0.47,0,35,
2024-03-29T02:57:00,0.66,0.59,0.12,0.47,0,35,
2024-03-29T02:58:00,0.66,0.59,0.12,0.47,0,35,
2024-03-29T02:59:00,0.65,0.59,0.12,0.47,0,35,
2024-03-29T03:00:00,0.65,0.59,0.12,0.47,0,35,
2024-03-29T03:01:00,0.65,0.59,0.12,0.47,0,35,
2024-03-29T03:02:00,0.68,0.63,0.16,0.47,0,35,
2024-03-29T03:03:00,0.72,0.66,0.18,0.47,0,35,
2024-03-29T03:04:00,0.72,0.65,0.18,0.47,0,35,
2024-03-29T03:05:00,0.67,0.61,0.14,0.47,0,35,
2024-03-29T03:06:00,0.6,0.55,0.07,0.47,0,35,
2024-03-29T03:07:00,0.58,0.53,0.05,0.47,0,35,
2024-03-29T03:08:00,0.58,0.52,0.05,0.47,0,35,
2024-03-29T03:09:00,0.58,0.52,0.05,0.47,0,35,
2024-03-29T03:10:00,0.57,0.52,0.05,0.47,0,35,
2024-03-29T03:11:00,0.58,0.52,0.05,0.47,0,35,
2024-03-29T03:12:00,0.58,0.52,0.05,0.47,0,35,
2024-03-29T03:13:00,0.58,0.52,0.05,0.47,0,35,
2024-03-29T03:14:00,0.57,0.52,0.05,0.47,0,35,
2024-03-29T03:15:00,0.58,0.52,0.05,0.47,0,35,
2024-03-29T03:16:00,0.58,0.52,0.05,0.47,0,35,
2024-03-29T03:17:00,0.58,0.53,0.05,0.48,0,35,
2024-03-29T03:18:00,0.58,0.53,0.05,0.47,0,35,
2024-03-29T03:19:00,0.58,0.53,0.05,0.47,0,35,
2024-03-29T03:20:00,0.58,0.52,0.05,0.47,0,35,
2024-03-29T03:21:00,0.65,0.6,0.12,0.47,0,35,
2024-03-29T03:22:00,0.65,0.59,0.12,0.47,0,35,
2024-03-29T03:23:00,0.63,0.57,0.09,0.47,0,35,
2024-03-29T03:24:00,0.59,0.53,0.05,0.48,0,35,
2024-03-29T03:25:00,0.59,0.53,0.05,0.48,0,35,
2024-03-29T03:26:00,0.59,0.53,0.05,0.48,0,35,
2024-03-29T03:27:00,0.58,0.53,0.05,0.48,0,35,
2024-03-29T03:28:00,0.58,0.53,0.05,0.47,0,35,
2024-03-29T03:29:00,0.58,0.53,0.05,0.47,0,35,
2024-03-29T03:30:00,0.58,0.53,0.05,0.47,0,35,
2024-03-29T03:31:00,0.58,0.53,0.05,0.47,0,35,
2024-03-29T03:32:00,0.58,0.53,0.05,0.48,0,35,
2024-03-29T03:33:00,0.58,0.53,0.05,0.48,0,35,
2024-03-29T03:34:00,0.58,0.53,0.05,0.48,0,35,
2024-03-29T03:35:00,0.58,0.53,0.05,0.48,0,35,
2024-03-29T03:36:00,0.58,0.53,0.05,0.48,0,35,
2024-03-29T03:37:00,0.58,0.53,0.05,0.48,0,35,
2024-03-29T03:38:00,0.62,0.57,0.1,0.47,0,35,
2024-03-29T03:39:00,0.65,0.59,0.12,0.47,0,35,
2024-03-29T03:40:00,0.64,0.58,0.11,0.47,0,35,
2024-03-29T03:41:00,0.58,0.53,0.05,0.48,0,35,
2024-03-29T03:42:00,0.58,0.53,0.05,0.47,0,35,
2024-03-29T03:43:00,0.58,0.53,0.05,0.47,0,35,
2024-03-29T03:44:00,0.66,0.6,0.12,0.48,0,35,
2024-03-29T03:45:00,0.66,0.61,0.13,0.48,0,35,
2024-03-29T03:46:00,0.66,0.61,0.12,0.48,0,35,
2024-03-29T03:47:00,0.66,0.61,0.12,0.48,0,35,
2024-03-29T03:48:00,0.66,0.6,0.12,0.48,0,35,
2024-03-29T03:49:00,0.76,0.7,0.12,0.58,0,35,
2024-03-29T03:50:00,0.91,0.84,0.12,0.72,0,35,
2024-03-29T03:51:00,0.91,0.84,0.12,0.72,0,35,
2024-03-29T03:52:00,0.91,0.85,0.12,0.72,0,35,
2024-03-29T03:53:00,0.91,0.85,0.12,0.72,0,35,
2024-03-29T03:54:00,0.68,0.61,0.12,0.49,0,35,
2024-03-29T03:55:00,1.29,1.23,0.16,1.07,0,35,
2024-03-29T03:56:00,1.1,1.04,0.19,0.85,0,35,
2024-03-29T03:57:00,1.04,0.97,0.17,0.8,0,35,
2024-03-29T03:58:00,0.99,0.93,0.12,0.81,0,35,
2024-03-29T03:59:00,0.96,0.9,0.12,0.78,0,35,
2024-03-29T04:00:00,0.9,0.84,0.12,0.72,0,35,
2024-03-29T04:01:00,0.84,0.78,0.12,0.66,0,35,
2024-03-29T04:02:00,0.8,0.74,0.12,0.62,0,35,
2024-03-29T04:03:00,0.77,0.71,0.12,0.59,0,35,
2024-03-29T04:04:00,0.77,0.71,0.12,0.59,0,35,
2024-03-29T04:05:00,0.76,0.71,0.12,0.59,0,35,
2024-03-29T04:06:00,0.76,0.7,0.12,0.58,0,35,
2024-03-29T04:07:00,0.76,0.7,0.12,0.58,0,35,
2024-03-29T04:08:00,0.76,0.7,0.12,0.58,0,35,
2024-03-29T04:09:00,0.7,0.64,0.12,0.52,0,35,
2024-03-29T04:10:00,0.68,0.62,0.12,0.5,0,35,
2024-03-29T04:11:00,0.67,0.61,0.12,0.49,0,35,
2024-03-29T04:12:00,0.69,0.64,0.16,0.48,0,35,
2024-03-29T04:13:00,0.73,0.67,0.19,0.48,0,35,
2024-03-29T04:14:00,0.73,0.67,0.18,0.48,0,35,
2024-03-29T04:15:00,0.67,0.61,0.12,0.49,0,35,
2024-03-29T04:16:00,0.67,0.61,0.12,0.5,0,35,
2024-03-29T04:17:00,0.67,0.62,0.12,0.5,0,35,
2024-03-29T04:18:00,0.66,0.61,0.12,0.49,0,35,
2024-03-29T04:19:00,0.66,0.6,0.12,0.48,0,35,
2024-03-29T04:20:00,0.66,0.6,0.12,0.48,0,35,
2024-03-29T04:21:00,0.65,0.6,0.12,0.48,0,35,
2024-03-29T04:22:00,0.6,0.54,0.06,0.48,0,35,
2024-03-29T04:23:00,0.58,0.53,0.05,0.48,0,35,
2024-03-29T04:24:00,0.59,0.53,0.05,0.48,0,35,
2024-03-29T04:25:00,0.59,0.54,0.06,0.48,0,35,
2024-03-29T04:26:00,0.59,0.54,0.06,0.48,0,35,
2024-03-29T04:27:00,0.59,0.54,0.06,0.48,0,35,
2024-03-29T04:28:00,0.59,0.54,0.06,0.48,0,35,
2024-03-29T04:29:00,0.59,0.54,0.06,0.48,0,35,
2024-03-29T04:30:00,0.68,0.6,0.13,0.48,0,35,
2024-03-29T04:31:00,0.66,0.6,0.12,0.48,0,35,
2024-03-29T04:32:00,0.62,0.57,0.09,0.47,0,35,
2024-03-29T04:33:00,0.58,0.53,0.05,0.47,0,35,
2024-03-29T04:34:00,0.58,0.53,0.05,0.47,0,35,
2024-03-29T04:35:00,0.58,0.53,0.05,0.47,0,35,
2024-03-29T04:36:00,0.58,0.52,0.05,0.47,0,35,
2024-03-29T04:37:00,0.58,0.53,0.05,0.47,0,35,
2024-03-29T04:38:00,0.58,0.52,0.05,0.47,0,35,
2024-03-29T04:39:00,0.57,0.52,0.05,0.47,0,35,
2024-03-29T04:40:00,0.58,0.52,0.05,0.47,0,35,
2024-03-29T04:41:00,0.58,0.53,0.05,0.48,0,35,
2024-03-29T04:42:00,0.58,0.53,0.05,0.47,0,35,
2024-03-29T04:43:00,0.57,0.53,0.05,0.47,0,35,
2024-03-29T04:44:00,0.58,0.53,0.05,0.47,0,35,
2024-03-29T04:45:00,0.57,0.52,0.05,0.47,0,35,
2024-03-29T04:46:00,0.57,0.53,0.05,0.47,0,35,
2024-03-29T04:47:00,0.59,0.54,0.07,0.47,0,35,
2024-03-29T04:48:00,0.65,0.59,0.12,0.47,0,35,
2024-03-29T04:49:00,0.65,0.59,0.12,0.47,0,35,
2024-03-29T04:50:00,0.61,0.56,0.08,0.47,0,35,
2024-03-29T04:51:00,0.57,0.52,0.05,0.47,0,35,
2024-03-29T04:52:00,0.58,0.52,0.05,0.47,0,35,
2024-03-29T04:53:00,0.57,0.52,0.05,0.47,0,35,
2024-03-29T04:54:00,0.57,0.52,0.05,0.47,0,35,
2024-03-29T04:55:00,0.57,0.52,0.05,0.47,0,35,
2024-03-29T04:56:00,0.58,0.53,0.05,0.47,0,35,
2024-03-29T04:57:00,0.58,0.53,0.05,0.48,0,35,
2024-03-29T04:58:00,0.58,0.53,0.05,0.48,0,35,
2024-03-29T04:59:00,0.58,0.53,0.05,0.48,0,35,
2024-03-29T05:00:00,0.64,0.6,0.12,0.47,0,35,
2024-03-29T05:01:00,0.66,0.6,0.13,0.47,0,35,
2024-03-29T05:02:00,0.66,0.6,0.12,0.47,0,35,
2024-03-29T05:03:00,0.66,0.6,0.12,0.47,0,35,
2024-03-29T05:04:00,0.66,0.6,0.12,0.48,0,35,
2024-03-29T05:05:00,0.7,0.63,0.15,0.47,0,35,
2024-03-29T05:06:00,0.72,0.66,0.19,0.47,0,35,
2024-03-29T05:07:00,0.72,0.66,0.19,0.47,0,35,
2024-03-29T05:08:00,0.66,0.6,0.13,0.47,0,35,
2024-03-29T05:09:00,0.65,0.59,0.12,0.47,0,35,
2024-03-29T05:10:00,0.65,0.59,0.12,0.47,0,35,
2024-03-29T05:11:00,0.65,0.59,0.12,0.47,0,35,
2024-03-29T05:12:00,0.65,0.6,0.12,0.47,0,35,
2024-03-29T05:13:00,0.66,0.6,0.12,0.48,0,35,
2024-03-29T05:14:00,0.66,0.6,0.12,0.48,0,35,
2024-03-29T05:15:00,0.66,0.6,0.12,0.48,0,35,
2024-03-29T05:16:00,0.65,0.59,0.12,0.47,0,35,
2024-03-29T05:17:00,0.65,0.59,0.12,0.47,0,35,
2024-03-29T05:18:00,0.65,0.59,0.12,0.47,0,35,
2024-03-29T05:19:00,0.65,0.59,0.12,0.47,0,35,
2024-03-29T05:20:00,0.65,0.59,0.12,0.47,0,35,
2024-03-29T05:21:00,0.65,0.59,0.12,0.47,0,35,
2024-03-29T05:22:00,0.65,0.59,0.12,0.47,0,35,
2024-03-29T05:23:00,0.7,0.65,0.17,0.47,0,35,
2024-03-29T05:24:00,0.72,0.66,0.19,0.47,0,35,
2024-03-29T05:25:00,0.7,0.64,0.17,0.47,0,35,
2024-03-29T05:26:00,0.66,0.6,0.13,0.47,0,35,
2024-03-29T05:27:00,0.66,0.6,0.13,0.47,0,35,
2024-03-29T05:28:00,0.66,0.6,0.13,0.47,0,35,
2024-03-29T05:29:00,0.66,0.6,0.12,0.47,0,35,
2024-03-29T05:30:00,0.65,0.59,0.12,0.47,0,35,
2024-03-29T05:31:00,0.65,0.59,0.12,0.47,0,35,
2024-03-29T05:32:00,0.65,0.59,0.12,0.47,0,35,
2024-03-29T05:33:00,0.65,0.59,0.12,0.47,0,35,
2024-03-29T05:34:00,0.65,0.59,0.12,0.47,0,35,
2024-03-29T05:35:00,0.65,0.59,0.12,0.47,0,35,
2024-03-29T05:36:00,0.65,0.59,0.12,0.47,0,35,
2024-03-29T05:37:00,0.62,0.57,0.09,0.47,0,35,
2024-03-29T05:38:00,0.58,0.53,0.05,0.48,0,35,
2024-03-29T05:39:00,0.58,0.53,0.05,0.48,0,35,
2024-03-29T05:40:00,0.6,0.55,0.07,0.47,0,35,
2024-03-29T05:41:00,0.65,0.59,0.12,0.47,0,35,
2024-03-29T05:42:00,0.65,0.59,0.12,0.47,0,35,
2024-03-29T05:43:00,0.6,0.54,0.07,0.47,0,35,
2024-03-29T05:44:00,0.58,0.52,0.05,0.47,0,35,
2024-03-29T05:45:00,0.58,0.53,0.05,0.47,0,35,
2024-03-29T05:46:00,0.58,0.53,0.05,0.48,0,35,
2024-03-29T05:47:00,0.58,0.53,0.05,0.47,0,35,
2024-03-29T05:48:00,0.58,0.52,0.05,0.47,0,35,
2024-03-29T05:49:00,0.58,0.53,0.05,0.47,0,35,
2024-03-29T05:50:00,0.58,0.53,0.05,0.48,0,35,
2024-03-29T05:51:00,0.58,0.53,0.05,0.48,0,35,
2024-03-29T05:52:00,0.59,0.53,0.05,0.48,0,35,
2024-03-29T05:53:00,0.59,0.53,0.05,0.48,0,35,
2024-03-29T05:54:00,0.6,0.53,0.05,0.48,0,35,
2024-03-29T05:55:00,0.6,0.53,0.05,0.48,0,35,
2024-03-29T05:56:00,0.59,0.53,0.05,0.48,0,35,
2024-03-29T05:57:00,0.59,0.53,0.05,0.47,0,35,
2024-03-29T05:58:00,0.63,0.57,0.09,0.47,0,35,
2024-03-29T05:59:00,0.65,0.59,0.12,0.47,0,35,
2024-03-29T06:00:00,0.65,0.59,0.11,0.47,0,35,
2024-03-29T06:01:00,0.59,0.53,0.05,0.47,0,35,
2024-03-29T06:02:00,0.59,0.53,0.05,0.47,0,35,
2024-03-29T06:03:00,0.59,0.53,0.05,0.47,0,35,
2024-03-29T06:04:00,0.6,0.53,0.05,0.47,0,35,
2024-03-29T06:05:00,0.6,0.53,0.05,0.48,0,35,
2024-03-29T06:06:00,0.6,0.53,0.05,0.48,0,35,
2024-03-29T06:07:00,0.6,0.53,0.05,0.48,0,35,
2024-03-29T06:08:00,0.6,0.53,0.05,0.48,0,35,
2024-03-29T06:09:00,0.6,0.53,0.05,0.48,0,35,
2024-03-29T06:10:00,0.6,0.53,0.05,0.48,0.01,35,
2024-03-29T06:11:00,0.61,0.54,0.06,0.48,0.01,35,
2024-03-29T06:12:00,0.61,0.54,0.06,0.48,0.01,35,
2024-03-29T06:13:00,0.61,0.54,0.06,0.47,0.01,35,
2024-03-29T06:14:00,0.6,0.53,0.05,0.48,0.01,35,
2024-03-29T06:15:00,0.66,0.58,0.11,0.48,0.02,35,
2024-03-29T06:16:00,0.73,0.68,0.2,0.48,0.02,35,
2024-03-29T06:17:00,0.72,0.67,0.19,0.48,0.03,35,
2024-03-29T06:18:00,0.67,0.62,0.15,0.48,0.03,35,
2024-03-29T06:19:00,0.65,0.6,0.12,0.48,0.04,35,
2024-03-29T06:20:00,0.64,0.61,0.12,0.48,0.05,35,
2024-03-29T06:21:00,0.63,0.6,0.12,0.48,0.06,35,
2024-03-29T06:22:00,0.63,0.6,0.12,0.48,0.06,35,
2024-03-29T06:23:00,0.63,0.6,0.12,0.48,0.06,35,
2024-03-29T06:24:00,0.63,0.6,0.12,0.48,0.06,35,
2024-03-29T06:25:00,0.64,0.6,0.12,0.48,0.05,35,
2024-03-29T06:26:00,0.63,0.6,0.12,0.48,0.06,35,
2024-03-29T06:27:00,0.63,0.6,0.12,0.48,0.06,35,
2024-03-29T06:28:00,0.63,0.6,0.12,0.48,0.06,35,
2024-03-29T06:29:00,0.63,0.6,0.12,0.48,0.06,35,
2024-03-29T06:30:00,0.63,0.6,0.12,0.48,0.07,35,
2024-03-29T06:31:00,0.63,0.6,0.12,0.48,0.07,35,
2024-03-29T06:32:00,0.62,0.6,0.12,0.48,0.08,35,
2024-03-29T06:33:00,0.66,0.65,0.17,0.48,0.08,35,
2024-03-29T06:34:00,0.67,0.67,0.18,0.48,0.09,35,
2024-03-29T06:35:00,0.65,0.65,0.17,0.48,0.09,35,
2024-03-29T06:36:00,0.6,0.6,0.12,0.48,0.1,35,
2024-03-29T06:37:00,0.59,0.6,0.12,0.48,0.1,35,
2024-03-29T06:38:00,0.58,0.6,0.12,0.48,0.11,35,
2024-03-29T06:39:00,0.58,0.6,0.12,0.48,0.11,35,
2024-03-29T06:40:00,0.58,0.6,0.12,0.48,0.11,35,
2024-03-29T06:41:00,0.58,0.6,0.12,0.48,0.12,35,
2024-03-29T06:42:00,0.56,0.6,0.12,0.48,0.13,35,
2024-03-29T06:43:00,0.55,0.6,0.12,0.48,0.13,35,
2024-03-29T06:44:00,0.54,0.59,0.11,0.48,0.14,35,
2024-03-29T06:45:00,0.53,0.59,0.11,0.48,0.15,35,
2024-03-29T06:46:00,0.52,0.59,0.11,0.48,0.16,35,
2024-03-29T06:47:00,0.51,0.59,0.11,0.48,0.17,35,
2024-03-29T06:48:00,0.49,0.59,0.11,0.48,0.18,35,
2024-03-29T06:49:00,0.47,0.59,0.11,0.48,0.2,35,
2024-03-29T06:50:00,0.47,0.62,0.13,0.48,0.23,35,
2024-03-29T06:51:00,0.5,0.66,0.18,0.48,0.26,35,
2024-03-29T06:52:00,0.47,0.64,0.15,0.48,0.27,35,
2024-03-29T06:53:00,0.35,0.53,0.05,0.48,0.29,35,
2024-03-29T06:54:00,0.34,0.52,0.04,0.48,0.3,35,
2024-03-29T06:55:00,0.33,0.53,0.04,0.48,0.3,35,
2024-03-29T06:56:00,0.33,0.53,0.04,0.48,0.3,35,
2024-03-29T06:57:00,0.31,0.52,0.04,0.48,0.31,35,
2024-03-29T06:58:00,0.3,0.53,0.04,0.48,0.32,35,
2024-03-29T06:59:00,0.29,0.52,0.04,0.48,0.33,35,
2024-03-29T07:00:00,0.28,0.52,0.04,0.48,0.33,35,
2024-03-29T07:01:00,0.28,0.52,0.04,0.48,0.33,35,
2024-03-29T07:02:00,0.27,0.52,0.04,0.48,0.34,35,
2024-03-29T07:03:00,0.25,0.52,0.04,0.48,0.35,35,
2024-03-29T07:04:00,0.24,0.52,0.04,0.48,0.37,35,
2024-03-29T07:05:00,0.23,0.52,0.04,0.48,0.38,35,
2024-03-29T07:06:00,0.21,0.52,0.03,0.48,0.4,35,
2024-03-29T07:07:00,0.2,0.51,0.03,0.48,0.41,35,
2024-03-29T07:08:00,0.22,0.54,0.06,0.48,0.41,35,
2024-03-29T07:09:00,0.25,0.58,0.1,0.48,0.42,35,
2024-03-29T07:10:00,0.24,0.58,0.1,0.48,0.43,35,
2024-03-29T07:11:00,0.18,0.53,0.05,0.48,0.44,35,
2024-03-29T07:12:00,0.15,0.52,0.03,0.48,0.45,35,
2024-03-29T07:13:00,0.14,0.52,0.03,0.48,0.47,35,
2024-03-29T07:14:00,0.12,0.52,0.03,0.48,0.49,35,
2024-03-29T07:15:00,0.12,0.52,0.03,0.48,0.5,35,
2024-03-29T07:16:00,0.11,0.52,0.03,0.48,0.51,35,
2024-03-29T07:17:00,0.1,0.51,0.03,0.48,0.52,35,
2024-03-29T07:18:00,0.08,0.51,0.03,0.48,0.53,35,
2024-03-29T07:19:00,0.08,0.52,0.03,0.48,0.55,35,
2024-03-29T07:20:00,0.07,0.52,0.03,0.48,0.56,35,
2024-03-29T07:21:00,0.05,0.52,0.03,0.48,0.57,35,
2024-03-29T07:22:00,0.04,0.52,0.03,0.48,0.58,35,
2024-03-29T07:23:00,0.03,0.52,0.03,0.48,0.59,35,
2024-03-29T07:24:00,0.03,0.52,0.03,0.48,0.6,35,
2024-03-29T07:25:00,0.02,0.52,0.03,0.48,0.61,35,
2024-03-29T07:26:00,0.03,0.54,0.06,0.48,0.63,35,
2024-03-29T07:27:00,0.05,0.58,0.09,0.48,0.64,35,
2024-03-29T07:28:00,0.04,0.58,0.09,0.48,0.66,35,
2024-03-29T07:29:00,0.02,0.53,0.04,0.48,0.7,35,
2024-03-29T07:30:00,0.01,0.55,0.06,0.48,0.72,35,
2024-03-29T07:31:00,0.01,0.59,0.1,0.48,0.73,35,
2024-03-29T07:32:00,0.01,0.59,0.1,0.48,0.74,35,
2024-03-29T07:33:00,0.01,0.58,0.1,0.48,0.74,35,
2024-03-29T07:34:00,0.01,0.58,0.1,0.48,0.75,35,
2024-03-29T07:35:00,0.01,0.58,0.1,0.48,0.78,35,
2024-03-29T07:36:00,0.01,0.58,0.1,0.48,0.8,35,
2024-03-29T07:37:00,0.01,0.58,0.1,0.48,0.81,35,
2024-03-29T07:38:00,0.01,0.58,0.1,0.48,0.82,35,
2024-03-29T07:39:00,0.01,0.58,0.1,0.48,0.83,35,
2024-03-29T07:40:00,0.01,0.59,0.1,0.49,0.82,35,
2024-03-29T07:41:00,0.01,0.58,0.1,0.48,0.82,35,
2024-03-29T07:42:00,0.01,0.58,0.1,0.48,0.82,35.73,
2024-03-29T07:43:00,0.01,0.58,0.1,0.48,0.82,36,
2024-03-29T07:44:00,0.01,0.58,0.1,0.48,0.82,36,
2024-03-29T07:45:00,0.01,0.65,0.16,0.48,0.83,36,
2024-03-29T07:46:00,0.01,0.65,0.16,0.49,0.83,36,
2024-03-29T07:47:00,0.01,0.62,0.13,0.48,0.83,36,
2024-03-29T07:48:00,0.01,0.58,0.1,0.49,0.83,36,
2024-03-29T07:49:00,0.01,0.58,0.1,0.48,0.83,36,
2024-03-29T07:50:00,0.01,0.58,0.1,0.48,0.83,36,
2024-03-29T07:51:00,0.02,0.58,0.1,0.48,0.83,36,
2024-03-29T07:52:00,0.02,0.58,0.1,0.48,0.82,36,
2024-03-29T07:53:00,0.01,0.58,0.1,0.48,0.82,36,
2024-03-29T07:54:00,0.01,0.58,0.1,0.48,0.83,36,
2024-03-29T07:55:00,0.01,0.58,0.1,0.48,0.83,36,
2024-03-29T07:56:00,0.01,0.58,0.1,0.48,0.84,36,
2024-03-29T07:57:00,0.01,0.58,0.09,0.48,0.85,36,
2024-03-29T07:58:00,0.01,0.58,0.09,0.48,0.87,36,
2024-03-29T07:59:00,0.01,0.58,0.09,0.48,0.89,36,
2024-03-29T08:00:00,0.01,0.58,0.1,0.48,0.91,36,
2024-03-29T08:01:00,0.01,0.58,0.09,0.48,0.91,36,
2024-03-29T08:02:00,0,0.58,0.09,0.48,0.92,36,
2024-03-29T08:03:00,0.01,0.64,0.16,0.48,0.93,36,
2024-03-29T08:04:00,0.01,0.64,0.16,0.48,0.95,36,
2024-03-29T08:05:00,0,0.62,0.14,0.48,0.95,36,
2024-03-29T08:06:00,-0.05,0.58,0.09,0.48,0.97,36,
2024-03-29T08:07:00,-0.11,0.57,0.08,0.48,1.03,36,
2024-03-29T08:08:00,-0.18,0.51,0.02,0.48,1.04,36,
2024-03-29T08:09:00,0.52,1.35,0.89,0.48,1.06,36,
2024-03-29T08:10:00,0.89,1.84,1.36,0.48,1.1,36,
2024-03-29T08:11:00,0.85,1.84,1.36,0.48,1.15,36,
2024-03-29T08:12:00,0.82,1.84,1.36,0.48,1.19,36,
2024-03-29T08:13:00,0.4,1.44,0.92,0.48,1.24,36,
2024-03-29T08:14:00,-0.41,0.51,0.02,0.48,1.28,36,
2024-03-29T08:15:00,-0.38,0.5,0.02,0.48,1.25,36,
2024-03-29T08:16:00,-0.39,0.51,0.02,0.48,1.26,36,
2024-03-29T08:17:00,-0.41,0.51,0.03,0.48,1.29,36,
2024-03-29T08:18:00,-0.37,0.59,0.1,0.48,1.33,36,
2024-03-29T08:19:00,-0.35,0.59,0.1,0.48,1.31,36,
2024-03-29T08:20:00,-0.42,0.54,0.06,0.48,1.34,36,
2024-03-29T08:21:00,-0.47,0.52,0.03,0.48,1.37,36,
2024-03-29T08:22:00,-0.45,0.53,0.04,0.48,1.36,36,
2024-03-29T08:23:00,-0.45,0.52,0.03,0.48,1.35,36,
2024-03-29T08:24:00,-0.46,0.51,0.02,0.48,1.34,36,
2024-03-29T08:25:00,-0.46,0.51,0.01,0.48,1.34,36,
2024-03-29T08:26:00,-0.45,0.51,0.01,0.48,1.33,36,
2024-03-29T08:27:00,0.03,1.02,0.57,0.48,1.32,36,
2024-03-29T08:28:00,0.19,1.23,0.71,0.48,1.34,36,
2024-03-29T08:29:00,-0.49,0.5,0.01,0.48,1.36,36,
2024-03-29T08:30:00,-0.51,0.5,0.01,0.48,1.38,36.1,
2024-03-29T08:31:00,-0.51,0.51,0.01,0.48,1.38,37,
2024-03-29T08:32:00,-0.5,0.51,0.01,0.48,1.37,37,
2024-03-29T08:33:00,-0.49,0.51,0.01,0.49,1.36,37,
2024-03-29T08:34:00,-0.41,0.58,0.08,0.49,1.35,37,
2024-03-29T08:35:00,-0.38,0.58,0.08,0.5,1.34,37,
2024-03-29T08:36:00,-0.41,0.56,0.06,0.5,1.34,37,
2024-03-29T08:37:00,-0.47,0.51,0.01,0.49,1.35,37,
2024-03-29T08:38:00,-0.49,0.5,0.01,0.48,1.36,37,
2024-03-29T08:39:00,-0.51,0.5,0.01,0.48,1.38,37,
2024-03-29T08:40:00,-0.53,0.5,0.01,0.48,1.4,37,
2024-03-29T08:41:00,-0.56,0.5,0.01,0.48,1.42,37,
2024-03-29T08:42:00,-0.59,0.5,0.01,0.49,1.46,37,
2024-03-29T08:43:00,-0.63,0.5,0.01,0.49,1.5,37,
2024-03-29T08:44:00,-0.64,0.53,0.04,0.49,1.54,37,
2024-03-29T08:45:00,-0.61,0.59,0.09,0.49,1.57,37,
2024-03-29T08:46:00,-0.66,0.59,0.08,0.49,1.61,37,
2024-03-29T08:47:00,-0.66,0.59,0.08,0.49,1.61,37,
2024-03-29T08:48:00,0.32,1.56,1.12,0.49,1.62,37,
2024-03-29T08:49:00,0.11,1.53,0.96,0.49,1.65,37,
2024-03-29T08:50:00,-0.64,0.64,0.14,0.49,1.66,37,
2024-03-29T08:51:00,-0.63,0.64,0.14,0.49,1.66,37,
2024-03-29T08:52:00,-0.64,0.63,0.13,0.49,1.65,37,
2024-03-29T08:53:00,-0.74,0.58,0.07,0.49,1.69,37,
2024-03-29T08:54:00,-0.87,0.58,0.07,0.49,1.82,37,
2024-03-29T08:55:00,-0.86,0.61,0.1,0.49,1.85,37.7,
2024-03-29T08:56:00,-0.74,0.61,0.1,0.49,1.73,38,
2024-03-29T08:57:00,-0.71,0.61,0.11,0.49,1.69,38,
2024-03-29T08:58:00,-0.72,0.61,0.1,0.49,1.7,38,
2024-03-29T08:59:00,-0.81,0.6,0.1,0.49,1.78,38,
2024-03-29T09:00:00,-0.83,0.6,0.1,0.48,1.8,38,
2024-03-29T09:01:00,-0.76,0.6,0.1,0.48,1.74,38,
2024-03-29T09:02:00,-0.87,0.62,0.12,0.48,1.87,38,
2024-03-29T09:03:00,-0.79,0.61,0.12,0.48,1.77,38,
2024-03-29T09:04:00,-0.82,0.61,0.12,0.48,1.8,38,
2024-03-29T09:05:00,-0.81,0.63,0.14,0.48,1.8,38,
2024-03-29T09:06:00,-0.84,0.66,0.18,0.48,1.88,38,
2024-03-29T09:07:00,-1.02,0.65,0.18,0.48,2.06,38,
2024-03-29T09:08:00,-1.16,0.62,0.13,0.47,2.16,38,
2024-03-29T09:09:00,-1.55,0.57,0.08,0.47,2.5,38,
2024-03-29T09:10:00,-1.41,0.55,0.06,0.47,2.34,38,
2024-03-29T09:11:00,-1.2,0.55,0.05,0.47,2.13,38,
2024-03-29T09:12:00,-1.78,0.55,0.04,0.47,2.68,38,
2024-03-29T09:13:00,-1.9,0.54,0.03,0.47,2.82,38,
2024-03-29T09:14:00,-1.46,0.55,0.05,0.46,2.38,38,
2024-03-29T09:15:00,-1.19,0.55,0.06,0.46,2.13,38,
2024-03-29T09:16:00,-1,0.55,0.06,0.46,1.92,38,
2024-03-29T09:17:00,-1.07,0.54,0.06,0.46,1.99,38,
2024-03-29T09:18:00,-0.87,0.54,0.07,0.46,1.78,38,
2024-03-29T09:19:00,-0.82,0.54,0.07,0.46,1.74,38,
2024-03-29T09:20:00,-0.83,0.54,0.07,0.45,1.74,38,
2024-03-29T09:21:00,-0.8,0.56,0.1,0.45,1.75,38,
2024-03-29T09:22:00,-0.63,0.6,0.14,0.45,1.61,38,
2024-03-29T09:23:00,-0.58,0.59,0.14,0.45,1.56,38,
2024-03-29T09:24:00,-0.59,0.54,0.08,0.45,1.51,38,
2024-03-29T09:25:00,-0.55,0.53,0.08,0.45,1.46,38,
2024-03-29T09:26:00,-0.53,0.53,0.08,0.45,1.43,38,
2024-03-29T09:27:00,-0.55,0.51,0.05,0.45,1.43,38,
2024-03-29T09:28:00,-0.61,0.47,0.01,0.45,1.45,38,
2024-03-29T09:29:00,-0.63,0.47,0.01,0.45,1.47,38,
2024-03-29T09:30:00,-0.65,0.47,0.01,0.45,1.49,38,
2024-03-29T09:31:00,-0.68,0.47,0.01,0.45,1.51,38.77,
2024-03-29T09:32:00,-0.72,0.47,0,0.45,1.56,39,
2024-03-29T09:33:00,-0.78,0.47,0,0.46,1.62,39,
2024-03-29T09:34:00,-0.87,0.47,0,0.46,1.71,39,
2024-03-29T09:35:00,-0.95,0.47,0,0.46,1.79,39,
2024-03-29T09:36:00,-1.02,0.47,-0.01,0.46,1.86,39,
2024-03-29T09:37:00,-1.13,0.49,0.01,0.46,1.99,39,
2024-03-29T09:38:00,-1.04,0.53,0.06,0.46,1.95,39,
2024-03-29T09:39:00,-1.1,0.52,0.06,0.46,2,39,
2024-03-29T09:40:00,-1.27,0.47,0,0.45,2.11,39,
2024-03-29T09:41:00,-2.08,0.46,-0.04,0.45,2.9,39,
2024-03-29T09:42:00,-2.04,0.46,-0.04,0.45,2.87,39,
2024-03-29T09:43:00,-2.19,0.45,-0.04,0.45,3.01,39,
2024-03-29T09:44:00,-1.93,0.45,-0.03,0.45,2.75,39,
2024-03-29T09:45:00,-1.46,0.46,-0.02,0.45,2.3,39,
2024-03-29T09:46:00,-1.27,0.45,-0.01,0.44,2.11,39,
2024-03-29T09:47:00,-1.44,0.45,-0.02,0.44,2.27,39,
2024-03-29T09:48:00,-1.52,0.45,-0.02,0.44,2.35,39,
2024-03-29T09:49:00,-1.54,0.46,-0.02,0.45,2.37,39,
2024-03-29T09:50:00,-2.24,0.45,-0.04,0.45,3.05,39,
2024-03-29T09:51:00,-2.8,0.45,-0.06,0.45,3.66,39,
2024-03-29T09:52:00,-3.28,0.45,-0.08,0.44,4.11,39,
2024-03-29T09:53:00,-3.67,0.45,-0.09,0.44,4.48,39,
2024-03-29T09:54:00,-2.99,0.48,0,0.44,3.89,39,
2024-03-29T09:55:00,-2.38,0.48,0.02,0.44,3.27,39.8,
2024-03-29T09:56:00,-2.82,0.46,-0.03,0.44,3.68,40,
2024-03-29T09:57:00,-2.1,0.45,-0.04,0.44,2.94,40,
2024-03-29T09:58:00,-2,0.45,-0.04,0.44,2.83,40,
2024-03-29T09:59:00,-1.95,0.45,-0.03,0.44,2.78,40,
2024-03-29T10:00:00,-1.93,0.45,-0.03,0.44,2.76,40,
2024-03-29T10:01:00,-2.13,0.44,-0.04,0.44,2.95,40,
2024-03-29T10:02:00,-2.49,0.44,-0.05,0.44,3.3,40,
2024-03-29T10:03:00,-3.51,0.44,-0.08,0.44,4.32,40,
2024-03-29T10:04:00,-3.76,0.45,-0.09,0.44,4.58,40,
2024-03-29T10:05:00,-3.42,0.49,-0.04,0.45,4.27,40,
2024-03-29T10:06:00,-3.09,0.52,0.01,0.44,4,40,
2024-03-29T10:07:00,-2.87,0.52,0.01,0.45,3.77,40,
2024-03-29T10:08:00,-2.3,0.52,0.02,0.44,3.2,40,
2024-03-29T10:09:00,-1.89,0.52,0.04,0.44,2.8,40,
2024-03-29T10:10:00,-1.54,0.56,0.1,0.44,2.5,40,
2024-03-29T10:11:00,-1.48,0.57,0.11,0.44,2.45,40,
2024-03-29T10:12:00,-1.63,0.55,0.09,0.44,2.58,40,
2024-03-29T10:13:00,-1.4,0.52,0.05,0.44,2.31,40,
2024-03-29T10:14:00,-1.39,0.52,0.05,0.44,2.29,40,
2024-03-29T10:15:00,-1.52,0.52,0.05,0.44,2.42,40,
2024-03-29T10:16:00,-1.34,0.52,0.05,0.44,2.25,40,
2024-03-29T10:17:00,-1.28,0.52,0.05,0.44,2.19,40,
2024-03-29T10:18:00,-1.31,0.52,0.05,0.44,2.22,40,
2024-03-29T10:19:00,-1.5,0.52,0.05,0.44,2.41,40,
2024-03-29T10:20:00,-1.9,0.52,0.03,0.45,2.8,40,
2024-03-29T10:21:00,-1.88,0.52,0.03,0.45,2.79,40,
2024-03-29T10:22:00,-1.75,0.52,0.04,0.45,2.66,40,
2024-03-29T10:23:00,-1.93,0.52,0.03,0.44,2.83,40,
2024-03-29T10:24:00,-2.04,0.52,0.03,0.45,2.94,40,
2024-03-29T10:25:00,-2.16,0.52,0.03,0.45,3.05,40,
2024-03-29T10:26:00,-2.36,0.52,0.02,0.45,3.26,40,
2024-03-29T10:27:00,-2.2,0.56,0.09,0.45,3.15,40,
2024-03-29T10:28:00,-2.42,0.55,0.08,0.45,3.39,40,
2024-03-29T10:29:00,-3.1,0.53,0.05,0.45,4.04,40,
2024-03-29T10:30:00,-3.29,0.51,-0.01,0.44,4.17,40,
2024-03-29T10:31:00,-4.01,0.5,-0.03,0.44,4.89,40.5,
2024-03-29T10:32:00,-4.15,0.5,-0.03,0.44,5.04,41,
2024-03-29T10:33:00,-3.52,0.5,-0.02,0.44,4.41,41,
2024-03-29T10:34:00,-3.3,0.5,-0.01,0.44,4.19,41,
2024-03-29T10:35:00,-3.07,0.51,0,0.44,3.96,41,
2024-03-29T10:36:00,-2.97,0.52,0,0.45,3.88,41,
2024-03-29T10:37:00,-3.06,0.52,0,0.45,3.97,41,
2024-03-29T10:38:00,-3.16,0.51,-0.01,0.45,4.06,41,
2024-03-29T10:39:00,-2.71,0.51,0.01,0.44,3.61,41,
2024-03-29T10:40:00,-2.72,0.51,0.01,0.44,3.61,41,
2024-03-29T10:41:00,-2.66,0.51,0.01,0.44,3.56,41,
2024-03-29T10:42:00,-2.75,0.48,-0.03,0.44,3.62,41,
2024-03-29T10:43:00,-2.98,0.44,-0.07,0.44,3.81,41,
2024-03-29T10:44:00,-3.37,0.45,-0.06,0.44,4.19,41,
2024-03-29T10:45:00,-3.69,0.46,-0.02,0.44,4.58,41,
2024-03-29T10:46:00,-3.73,0.46,-0.03,0.44,4.62,41,
2024-03-29T10:47:00,-3.89,0.45,-0.07,0.44,4.73,41,
2024-03-29T10:48:00,-4.44,0.44,-0.11,0.44,5.25,41,
2024-03-29T10:49:00,-4.7,0.45,-0.12,0.45,5.52,41,
2024-03-29T10:50:00,-4.95,0.12,-0.12,0.11,5.43,41,
2024-03-29T10:51:00,-4.84,0.02,-0.11,0.02,5.25,41,
2024-03-29T10:52:00,-4.66,0.02,-0.11,0.02,5.08,41,
2024-03-29T10:53:00,-4.56,0.02,-0.1,0.02,4.96,41,
2024-03-29T10:54:00,-4.03,0.02,-0.09,0.02,4.43,41,
2024-03-29T10:55:00,-4.53,0.02,-0.1,0.02,4.92,41.37,
2024-03-29T10:56:00,-5.03,0.02,-0.12,0.02,5.42,42,
2024-03-29T10:57:00,-4.94,0.02,-0.12,0.02,5.33,42,
2024-03-29T10:58:00,-5.15,0.02,-0.12,0.02,5.55,42,
2024-03-29T10:59:00,-5.21,0.02,-0.12,0.02,5.62,42,
2024-03-29T11:00:00,-3.93,0.02,-0.08,0.02,4.34,42,
2024-03-29T11:01:00,-1.44,0.04,0,0.02,3.73,42,
2024-03-29T11:02:00,-0.49,0.11,0.09,0.02,3.59,42,
2024-03-29T11:03:00,-0.47,0.12,0.1,0.02,3.58,42.27,
2024-03-29T11:04:00,-0.26,0.1,0.07,0.02,3.34,43,
2024-03-29T11:05:00,-0.48,0.06,0.03,0.02,3.51,43.33,
2024-03-29T11:06:00,-1.39,0.04,0,0.02,4.41,44,
2024-03-29T11:07:00,-1.61,0.03,-0.01,0.02,4.63,44,
2024-03-29T11:08:00,-1.83,0.03,-0.02,0.02,4.84,44.47,
2024-03-29T11:09:00,-1.85,0.03,-0.02,0.02,4.86,45,
2024-03-29T11:10:00,-1.85,0.03,-0.02,0.02,4.87,45.57,
2024-03-29T11:11:00,-2.12,0.03,-0.03,0.02,5.12,46,
2024-03-29T11:12:00,-2.37,0.03,-0.03,0.02,5.38,46,
2024-03-29T11:13:00,-2.22,0.03,-0.03,0.02,5.24,46.7,
2024-03-29T11:14:00,-1.85,0.03,-0.02,0.02,4.87,47,
2024-03-29T11:15:00,-1.83,0.03,-0.02,0.02,4.86,47.8,
2024-03-29T11:16:00,-1.82,0.03,-0.02,0.02,4.84,48,
2024-03-29T11:17:00,-2.08,0.03,-0.02,0.02,5.11,48,
2024-03-29T11:18:00,-2.32,0.03,-0.03,0.02,5.33,48.93,
2024-03-29T11:19:00,-2.27,0.06,0.03,0.02,5.34,49,
2024-03-29T11:20:00,-1.73,0.11,0.09,0.02,4.87,50,
2024-03-29T11:21:00,-1.48,0.15,0.12,0.02,4.64,50,
2024-03-29T11:22:00,-1.03,0.12,0.09,0.02,4.14,50.13,
2024-03-29T11:23:00,-0.45,0.13,0.1,0.02,3.57,51,
2024-03-29T11:24:00,-0.47,0.13,0.1,0.02,3.58,51.2,
2024-03-29T11:25:00,-0.76,0.12,0.09,0.02,3.87,52,
2024-03-29T11:26:00,-0.9,0.12,0.09,0.02,4.01,52,
2024-03-29T11:27:00,-0.71,0.12,0.09,0.02,3.83,52.27,
2024-03-29T11:28:00,-0.7,0.12,0.09,0.02,3.8,53,
2024-03-29T11:29:00,-0.74,0.12,0.09,0.02,3.84,53.37,
2024-03-29T11:30:00,-0.67,0.12,0.09,0.02,3.77,54,
2024-03-29T11:31:00,-1.1,0.11,0.08,0.02,4.2,54,
2024-03-29T11:32:00,-1.76,0.1,0.05,0.02,4.84,54.47,
2024-03-29T11:33:00,-2.68,0.09,0.02,0.02,5.75,55,
2024-03-29T11:34:00,-3.3,0.09,0,0.02,6.37,55.53,
2024-03-29T11:35:00,-3.39,0.09,0,0.02,6.46,56,
2024-03-29T11:36:00,-3.38,0.12,0.06,0.02,6.53,56,
2024-03-29T11:37:00,-3.09,0.12,0.08,0.02,6.24,56.63,
2024-03-29T11:38:00,-3.04,0.11,0.05,0.02,6.17,57,
2024-03-29T11:39:00,-2.75,0.09,0.02,0.02,5.85,57.67,
2024-03-29T11:40:00,-2.17,0.1,0.04,0.02,5.27,58,
2024-03-29T11:41:00,-2.18,0.1,0.04,0.02,5.28,58,
2024-03-29T11:42:00,-1.49,0.1,0.06,0.02,4.6,58.8,
2024-03-29T11:43:00,-1.99,0.1,0.04,0.02,5.09,59,
2024-03-29T11:44:00,-2.33,0.1,0.03,0.02,5.43,59.87,
2024-03-29T11:45:00,-2.16,0.1,0.04,0.02,5.26,60,
2024-03-29T11:46:00,-2.06,0.1,0.04,0.02,5.17,60,
2024-03-29T11:47:00,-2.56,0.09,0.03,0.02,5.65,60.97,
2024-03-29T11:48:00,-3.17,0.09,0.01,0.02,6.26,61.07,
2024-03-29T11:49:00,-2.99,0.09,0.01,0.02,6.08,62,
2024-03-29T11:50:00,-2.85,0.09,0.02,0.02,5.94,62,
2024-03-29T11:51:00,-2.58,0.09,0.03,0.02,5.7,62.2,
2024-03-29T11:52:00,-2.58,0.11,0.04,0.02,5.72,63,
2024-03-29T11:53:00,-2.34,0.13,0.1,0.02,5.5,63.27,
2024-03-29T11:54:00,-3.04,0.13,0.08,0.03,6.21,64,
2024-03-29T11:55:00,-2.72,0.53,0.02,0.47,6.26,64,
2024-03-29T11:56:00,-1.35,1.82,0.74,1.08,5.82,64.4,
2024-03-29T11:57:00,0,4.55,3.52,0.99,5.98,65,
2024-03-29T11:58:00,-0.01,4.53,3.48,1.03,6.41,65,
2024-03-29T11:59:00,-0.01,4.56,3.47,1.07,6.59,65.07,
2024-03-29T12:00:00,0.02,4.59,3.48,1.09,6.4,66,
2024-03-29T12:01:00,0.02,4.2,2.94,1.21,5.07,66,
2024-03-29T12:02:00,0,1.56,0.18,1.33,4.99,66,
2024-03-29T12:03:00,0,1.93,0.57,1.35,5.47,66.33,
2024-03-29T12:04:00,0.01,2.2,0.83,1.34,5.51,67,
2024-03-29T12:05:00,0,2.41,1.08,1.31,5.97,67.57,
2024-03-29T12:06:00,-0.01,2.22,0.86,1.29,6.12,68,
2024-03-29T12:07:00,0.02,1.94,0.65,1.29,6.44,71.97,
2024-03-29T12:08:00,0,2.09,0.79,1.29,6.76,77.87,
2024-03-29T12:09:00,0,2.15,0.84,1.28,7.02,78.03,
2024-03-29T12:10:00,0,2.17,0.85,1.28,6.7,79,
2024-03-29T12:11:00,0,2.06,0.75,1.29,5.73,79.77,
2024-03-29T12:12:00,0,2.07,0.69,1.35,6.41,80,
2024-03-29T12:13:00,0,2.19,0.75,1.41,6.35,81,
2024-03-29T12:14:00,0,2.15,0.7,1.42,6.5,81.7,
2024-03-29T12:15:00,0,2.14,0.7,1.42,5.73,82.67,
2024-03-29T12:16:00,0.01,2.05,0.63,1.4,5.24,83,
2024-03-29T12:17:00,0.04,2.04,0.63,1.39,4.44,83.87,
2024-03-29T12:18:00,0.02,2.07,0.65,1.39,3.67,84,
2024-03-29T12:19:00,0.02,2.09,0.67,1.39,3.24,84,
2024-03-29T12:20:00,0.02,2.03,0.6,1.4,3.53,84,
2024-03-29T12:21:00,0.02,2.03,0.6,1.4,3.88,84,
2024-03-29T12:22:00,0,2.09,0.63,1.41,3.87,84.6,
2024-03-29T12:23:00,0.02,2.05,0.6,1.42,3.48,85,
2024-03-29T12:24:00,0.02,2.1,0.6,1.47,3.58,85,
2024-03-29T12:25:00,0.02,2.07,0.56,1.49,3.79,85,
2024-03-29T12:26:00,0.02,2.14,0.63,1.49,3.59,85.77,
2024-03-29T12:27:00,0.04,2.13,0.63,1.49,3.49,86,
2024-03-29T12:28:00,0.03,2.12,0.63,1.47,3.44,86,
2024-03-29T12:29:00,0.02,2.12,0.62,1.47,3.49,86,
2024-03-29T12:30:00,0.02,2.11,0.62,1.46,3.34,86,
2024-03-29T12:31:00,0.02,1.54,0.04,1.47,3.44,86,
2024-03-29T12:32:00,0.02,1.54,0.04,1.47,3.39,86.5,
2024-03-29T12:33:00,0.02,1.54,0.03,1.47,3.33,87,
2024-03-29T12:34:00,0.02,1.56,0.04,1.49,3.32,87,
2024-03-29T12:35:00,0.02,1.67,0.1,1.54,3.31,87.1,
2024-03-29T12:36:00,0.02,1.69,0.11,1.55,3.37,88,
2024-03-29T12:37:00,0.03,3.39,1.86,1.55,3.47,88,
2024-03-29T12:38:00,0.05,5.03,3.46,1.54,3.62,87.93,
2024-03-29T12:39:00,0.04,5.03,3.47,1.53,3.91,87,
2024-03-29T12:40:00,0.02,3.17,1.55,1.52,4.01,87,
2024-03-29T12:41:00,0.02,1.67,0.1,1.53,4.14,87.6,
2024-03-29T12:42:00,0.02,2.21,0.64,1.53,4.15,88,
2024-03-29T12:43:00,0.01,2.58,1.01,1.53,4.56,88,
2024-03-29T12:44:00,0.03,2.51,0.94,1.54,4.21,88,
2024-03-29T12:45:00,0.02,2.81,1.23,1.57,4.23,88,
2024-03-29T12:46:00,0.02,2.23,0.56,1.59,3.97,88.8,
2024-03-29T12:47:00,0.02,1.73,0.09,1.6,3.73,89,
2024-03-29T12:48:00,0.02,1.71,0.07,1.6,3.69,89,
2024-03-29T12:49:00,0.02,1.69,0.07,1.58,3.72,89.8,
2024-03-29T12:50:00,0.02,1.71,0.07,1.6,3.6,90,
2024-03-29T12:51:00,0.02,1.71,0.07,1.6,3.5,90,
2024-03-29T12:52:00,0.02,1.71,0.07,1.6,3.52,90,
2024-03-29T12:53:00,0.02,1.74,0.07,1.63,3.43,90,
2024-03-29T12:54:00,0.02,1.75,0.07,1.64,3.36,90.97,
2024-03-29T12:55:00,0.02,1.75,0.07,1.64,3.31,91,
2024-03-29T12:56:00,0.02,1.74,0.07,1.63,3.29,91,
2024-03-29T12:57:00,0.02,1.74,0.07,1.63,3.2,91.13,
2024-03-29T12:58:00,0.02,1.8,0.13,1.63,3.1,92,
2024-03-29T12:59:00,0.02,1.81,0.13,1.63,3.04,92,
2024-03-29T13:00:00,0.02,1.8,0.1,1.66,2.99,92,
2024-03-29T13:01:00,0.02,1.79,0.07,1.68,2.89,92,
2024-03-29T13:02:00,0.03,1.78,0.07,1.67,2.87,92,
2024-03-29T13:03:00,0.03,1.78,0.07,1.67,2.82,92,
2024-03-29T13:04:00,0.02,1.79,0.08,1.67,2.78,92,
2024-03-29T13:05:00,0.02,1.79,0.08,1.67,2.77,92,
2024-03-29T13:06:00,0.03,1.79,0.08,1.66,2.76,92.8,
2024-03-29T13:07:00,0.03,1.8,0.08,1.67,2.76,93,
2024-03-29T13:08:00,0.02,1.8,0.08,1.68,2.79,93,
2024-03-29T13:09:00,0.03,1.82,0.08,1.7,2.81,93,
2024-03-29T13:10:00,0.03,1.82,0.08,1.69,2.84,93,
2024-03-29T13:11:00,0.02,1.82,0.08,1.7,2.83,93,
2024-03-29T13:12:00,0.02,1.83,0.08,1.7,2.8,93.4,
2024-03-29T13:13:00,0.03,1.78,0.03,1.7,2.77,94,
2024-03-29T13:14:00,0.01,0.97,0.11,0.81,2.73,94,
2024-03-29T13:15:00,0,0.17,0.14,0.03,2.72,94,
2024-03-29T13:16:00,0,0.12,0.09,0.02,2.73,94,
2024-03-29T13:17:00,-0.01,0.1,0.07,0.02,2.76,94.77,
2024-03-29T13:18:00,-0.05,0.1,0.07,0.02,2.8,95,
2024-03-29T13:19:00,-0.11,0.09,0.07,0.02,2.85,95.6,
2024-03-29T13:20:00,-0.19,0.09,0.07,0.02,2.93,96,
2024-03-29T13:21:00,-0.26,0.09,0.07,0.02,2.99,96,
2024-03-29T13:22:00,-0.59,0.08,0.05,0.02,3.03,96.33,
2024-03-29T13:23:00,-1.4,0.05,0.03,0.02,3.09,97,
2024-03-29T13:24:00,-0.75,0.93,0.91,0.02,3.16,97,
2024-03-29T13:25:00,-0.81,0.95,0.93,0.02,3.26,97,
2024-03-29T13:26:00,-1.04,1.03,1.01,0.02,3.29,97.3,
2024-03-29T13:27:00,-0.7,1.38,1.35,0.02,3.25,98,
2024-03-29T13:28:00,-1.91,0.18,0.12,0.02,3.23,98,
2024-03-29T13:29:00,-2.04,0.03,-0.01,0.02,3.23,98,
2024-03-29T13:30:00,-2.04,0.06,0.03,0.02,3.26,98,
2024-03-29T13:31:00,-2.08,0.09,0.06,0.02,3.33,98,
2024-03-29T13:32:00,-2.17,0.09,0.05,0.02,3.42,98,
2024-03-29T13:33:00,-2.33,0.03,-0.01,0.02,3.52,98,
2024-03-29T13:34:00,-2.36,0.03,-0.02,0.02,3.55,98.13,
2024-03-29T13:35:00,-2.77,0.03,-0.03,0.02,3.94,99,
2024-03-29T13:36:00,-3.04,0.02,-0.04,0.02,4.22,99,
2024-03-29T13:37:00,-2.98,0.03,-0.04,0.02,4.14,99,
2024-03-29T13:38:00,-2.93,0.03,-0.04,0.02,4.11,99,
2024-03-29T13:39:00,-2.61,0.03,-0.03,0.02,3.79,99,
2024-03-29T13:40:00,-2.32,0.03,-0.02,0.02,3.51,99,
2024-03-29T13:41:00,-2.5,0.03,-0.02,0.02,3.68,99,
2024-03-29T13:42:00,-2.82,0.03,-0.03,0.02,3.99,99,
2024-03-29T13:43:00,-3.39,0.02,-0.05,0.02,4.55,99,
2024-03-29T13:44:00,-3.23,0.03,-0.04,0.02,4.4,99,
2024-03-29T13:45:00,-3.48,0.02,-0.05,0.02,4.64,99,
2024-03-29T13:46:00,-4.54,0.02,-0.08,0.02,5.68,99,
2024-03-29T13:47:00,-5.06,0.03,-0.08,0.02,6.22,99,
2024-03-29T13:48:00,-4.58,0.05,-0.02,0.02,5.8,99,
2024-03-29T13:49:00,-4.33,0.37,0.29,0.02,5.86,99,
2024-03-29T13:50:00,-3.79,0.68,0.62,0.02,5.63,99,
2024-03-29T13:51:00,-3.31,0.31,0.24,0.02,4.79,99,
2024-03-29T13:52:00,-3.17,0.1,0.03,0.02,4.43,99,
2024-03-29T13:53:00,-2.95,0.1,0.03,0.02,4.2,99,
2024-03-29T13:54:00,-4.21,0.09,0,0.02,5.43,99,
2024-03-29T13:55:00,-4.42,0.32,0.25,0.02,5.91,99,
2024-03-29T13:56:00,-4.39,0.94,0.87,0.02,6.52,99,
2024-03-29T13:57:00,-4.89,0.11,-0.03,0.02,6.11,99,
2024-03-29T13:58:00,-5.19,0.08,-0.05,0.02,6.4,99,
2024-03-29T13:59:00,-3.6,0.09,0,0.02,4.85,99,
2024-03-29T14:00:00,-2.57,0.1,0.03,0.02,3.82,99,
2024-03-29T14:01:00,-2.31,0.1,0.04,0.02,3.52,99,
2024-03-29T14:02:00,-2.06,0.1,0.05,0.02,3.32,99,
2024-03-29T14:03:00,-1.91,0.1,0.05,0.02,3.17,99,
2024-03-29T14:04:00,-1.84,0.1,0.05,0.02,3.1,99,
2024-03-29T14:05:00,-0.78,1.11,1.11,0.02,3.1,99,
2024-03-29T14:06:00,-1.21,0.82,0.77,0.02,3.2,99,
2024-03-29T14:07:00,-1.69,0.62,0.57,0.02,3.46,99,
2024-03-29T14:08:00,-2.84,0.1,0.04,0.02,4.09,99,
2024-03-29T14:09:00,-2.99,0.09,0.02,0.02,4.21,99,
2024-03-29T14:10:00,-3.49,0.09,0,0.02,4.7,99,
2024-03-29T14:11:00,-3.5,0.09,0,0.02,4.71,99,
2024-03-29T14:12:00,-3.85,0.09,-0.01,0.02,5.06,99,
2024-03-29T14:13:00,-4.33,0.08,0,0.02,5.57,99,
2024-03-29T14:14:00,-4.03,0.08,-0.02,0.02,5.24,99,
2024-03-29T14:15:00,-3.93,0.09,-0.01,0.02,5.15,99,
2024-03-29T14:16:00,-2.93,0.09,0.02,0.02,4.17,99,
2024-03-29T14:17:00,-3.02,0.09,0.01,0.02,4.24,99,
2024-03-29T14:18:00,-3.37,0.1,0.02,0.02,4.61,99,
2024-03-29T14:19:00,-3.66,0.11,0.06,0.02,4.93,99,
2024-03-29T14:20:00,-3.8,0.11,0.06,0.02,5.08,99,
2024-03-29T14:21:00,-2.82,0.1,0.03,0.02,4.07,99,
2024-03-29T14:22:00,-2.32,0.1,0.04,0.02,3.57,99,
2024-03-29T14:23:00,-2.06,0.1,0.04,0.02,3.3,99,
2024-03-29T14:24:00,-1.79,0.1,0.05,0.02,3.05,99,
2024-03-29T14:25:00,-1.61,0.1,0.06,0.02,2.87,99,
2024-03-29T14:26:00,-1.54,0.12,0.08,0.02,2.82,99,
2024-03-29T14:27:00,-1.53,0.1,0.07,0.02,2.79,99,
2024-03-29T14:28:00,-1.58,0.06,0.02,0.02,2.8,99,
2024-03-29T14:29:00,-1.64,0.04,0,0.02,2.83,99,
2024-03-29T14:30:00,-1.71,0.04,0,0.02,2.9,99,
2024-03-29T14:31:00,-1.81,0.04,-0.01,0.02,3,99,
2024-03-29T14:32:00,-1.9,0.04,-0.01,0.02,3.09,99,
2024-03-29T14:33:00,-2.01,0.03,-0.02,0.02,3.19,99,
2024-03-29T14:34:00,-2.13,0.06,0.01,0.02,3.33,99,
2024-03-29T14:35:00,-2.29,0.08,0.05,0.02,3.53,99,
2024-03-29T14:36:00,-2.2,0.07,0.05,0.02,3.45,99,
2024-03-29T14:37:00,-2.37,0.04,-0.01,0.02,3.56,99,
2024-03-29T14:38:00,-2.26,0.03,-0.02,0.02,3.44,99,
2024-03-29T14:39:00,-2.2,0.03,-0.02,0.02,3.37,99,
2024-03-29T14:40:00,-2.13,0.03,-0.02,0.02,3.32,99,
2024-03-29T14:41:00,-2.12,0.03,-0.02,0.02,3.31,99,
2024-03-29T14:42:00,-1.91,0.22,0.18,0.02,3.29,99,
2024-03-29T14:43:00,-1.39,0.63,0.58,0.02,3.17,99,
2024-03-29T14:44:00,-1.39,0.61,0.57,0.02,3.15,99,
2024-03-29T14:45:00,-1.36,0.61,0.56,0.02,3.13,99,
2024-03-29T14:46:00,-1.4,0.61,0.56,0.02,3.16,99,
2024-03-29T14:47:00,-1.63,0.6,0.56,0.02,3.38,99,
2024-03-29T14:48:00,-1.58,0.61,0.56,0.02,3.35,99,
2024-03-29T14:49:00,-1.68,0.6,0.56,0.02,3.44,99,
2024-03-29T14:50:00,-1.69,0.6,0.55,0.02,3.45,99,
2024-03-29T14:51:00,-2.57,0.62,0.59,0.02,4.36,99,
2024-03-29T14:52:00,-3.51,0.6,0.56,0.02,5.31,99,
2024-03-29T14:53:00,-2.99,0.6,0.56,0.02,4.78,99,
2024-03-29T14:54:00,-3.68,0.58,0.49,0.02,5.41,99,
2024-03-29T14:55:00,-2.94,0.59,0.52,0.02,4.69,99,
2024-03-29T14:56:00,-1.77,0.6,0.55,0.02,3.56,99,
2024-03-29T14:57:00,-1.54,0.6,0.55,0.02,3.32,99,
2024-03-29T14:58:00,-1.53,0.6,0.56,0.02,3.3,99,
2024-03-29T14:59:00,-1.72,0.6,0.55,0.02,3.5,99,
2024-03-29T15:00:00,-1.81,0.6,0.55,0.02,3.43,99,
2024-03-29T15:01:00,-2.45,0.58,0.52,0.02,3.65,99,
2024-03-29T15:02:00,-2.76,0.58,0.51,0.02,4,99,
2024-03-29T15:03:00,-3.21,0.57,0.5,0.02,4.45,99,
2024-03-29T15:04:00,-2.85,0.58,0.51,0.02,4.09,99,
2024-03-29T15:05:00,-3.97,0.59,0.5,0.02,5.09,99,
2024-03-29T15:06:00,-4.64,0.63,0.54,0.02,5.68,99,
2024-03-29T15:07:00,-4.64,0.62,0.53,0.02,5.68,99,
2024-03-29T15:08:00,-3.91,0.64,0.6,0.02,4.97,99,
2024-03-29T15:09:00,-3.15,0.66,0.64,0.02,4.21,99,
2024-03-29T15:10:00,-3.29,0.65,0.63,0.02,4.3,99,
2024-03-29T15:11:00,-3.21,0.64,0.57,0.02,4.15,99,
2024-03-29T15:12:00,-2.44,0.65,0.59,0.02,3.39,99,
2024-03-29T15:13:00,-2.35,0.65,0.59,0.02,3.27,99,
2024-03-29T15:14:00,-2.44,0.65,0.59,0.02,3.34,99,
2024-03-29T15:15:00,-2.25,0.65,0.59,0.02,3.15,99,
2024-03-29T15:16:00,-2.48,0.64,0.58,0.02,3.36,99,
2024-03-29T15:17:00,-2.28,0.64,0.59,0.02,3.16,99,
2024-03-29T15:18:00,-2.06,0.65,0.59,0.02,2.94,99,
2024-03-29T15:19:00,-1.89,0.64,0.59,0.02,2.76,99,
2024-03-29T15:20:00,-1.83,0.64,0.59,0.02,2.69,99,
2024-03-29T15:21:00,-1.77,0.64,0.59,0.02,2.62,99,
2024-03-29T15:22:00,-1.76,0.64,0.59,0.02,2.61,99,
2024-03-29T15:23:00,-1.81,0.64,0.59,0.02,2.65,99,
2024-03-29T15:24:00,-1.86,0.64,0.59,0.02,2.7,99,
2024-03-29T15:25:00,-2.01,0.65,0.6,0.02,2.86,99,
2024-03-29T15:26:00,-2.02,0.66,0.64,0.02,2.9,99,
2024-03-29T15:27:00,-2.31,0.62,0.59,0.02,3.15,99,
2024-03-29T15:28:00,-2.87,0.59,0.53,0.02,3.65,99,
2024-03-29T15:29:00,-3.29,0.57,0.5,0.02,4.05,99,
2024-03-29T15:30:00,-3.04,0.58,0.51,0.02,3.81,99,
2024-03-29T15:31:00,-2.23,0.59,0.53,0.02,3.02,99,
2024-03-29T15:32:00,-2.72,0.58,0.52,0.02,3.47,99,
2024-03-29T15:33:00,-5.17,0.54,0.44,0.02,5.87,99,
2024-03-29T15:34:00,-4.23,0.57,0.49,0.02,5.01,99,
2024-03-29T15:35:00,-5.5,0.56,0.46,0.02,6.24,99,
2024-03-29T15:36:00,-4.25,0.58,0.5,0.02,5.03,99,
2024-03-29T15:37:00,-2.61,0.6,0.54,0.02,3.42,99,
2024-03-29T15:38:00,-3.25,0.58,0.51,0.02,3.99,99,
2024-03-29T15:39:00,-3.13,0.57,0.5,0.02,3.89,99,
2024-03-29T15:40:00,-2.43,0.58,0.52,0.02,3.2,99,
2024-03-29T15:41:00,-1.96,0.58,0.53,0.02,2.73,99,
2024-03-29T15:42:00,-2.01,0.61,0.57,0.02,2.81,99,
2024-03-29T15:43:00,-2.01,0.62,0.59,0.02,2.85,99,
2024-03-29T15:44:00,-2.03,0.56,0.53,0.02,2.79,99,
2024-03-29T15:45:00,-2.18,0.51,0.46,0.02,2.87,99,
2024-03-29T15:46:00,-2.15,0.51,0.46,0.02,2.84,99,
2024-03-29T15:47:00,-2.13,0.51,0.46,0.02,2.82,99,
2024-03-29T15:48:00,-2.32,0.51,0.45,0.02,3,99,
2024-03-29T15:49:00,-2.13,0.51,0.46,0.02,2.82,99,
2024-03-29T15:50:00,-1.69,0.56,0.51,0.02,2.43,99,
2024-03-29T15:51:00,-1.49,0.56,0.53,0.02,2.26,99,
2024-03-29T15:52:00,-1.49,0.56,0.53,0.02,2.24,99,
2024-03-29T15:53:00,-1.54,0.56,0.53,0.02,2.29,99,
2024-03-29T15:54:00,-1.55,0.56,0.52,0.02,2.29,99,
2024-03-29T15:55:00,-1.61,0.56,0.52,0.02,2.35,99,
2024-03-29T15:56:00,-1.72,0.6,0.56,0.02,2.49,99,
2024-03-29T15:57:00,-1.79,0.61,0.58,0.02,2.6,99,
2024-03-29T15:58:00,-1.76,0.58,0.55,0.02,2.53,99,
2024-03-29T15:59:00,-2.11,0.51,0.47,0.02,2.8,99,
2024-03-29T16:00:00,-2.39,0.53,0.5,0.02,3.11,99,
2024-03-29T16:01:00,-1.82,0.53,0.49,0.02,2.5,99,
2024-03-29T16:02:00,-1.98,0.51,0.47,0.02,2.66,99,
2024-03-29T16:03:00,-1.93,0.51,0.46,0.02,2.61,99,
2024-03-29T16:04:00,-2.53,0.5,0.44,0.02,3.18,99,
2024-03-29T16:05:00,-3,0.5,0.42,0.02,3.65,99,
2024-03-29T16:06:00,-2.78,0.5,0.44,0.02,3.45,99,
2024-03-29T16:07:00,-3.24,0.49,0.42,0.02,3.88,99,
2024-03-29T16:08:00,-3.43,0.49,0.41,0.02,4.08,99,
2024-03-29T16:09:00,-3.28,0.49,0.42,0.02,3.94,99,
2024-03-29T16:10:00,-3.37,0.49,0.41,0.02,4.02,99,
2024-03-29T16:11:00,-2.71,0.5,0.43,0.02,3.39,99,
2024-03-29T16:12:00,-2.4,0.53,0.51,0.02,3.13,99,
2024-03-29T16:13:00,-2.12,0.55,0.52,0.02,2.87,99,
2024-03-29T16:14:00,-1.83,0.54,0.52,0.02,2.58,99,
2024-03-29T16:15:00,-1.85,0.51,0.46,0.02,2.51,99,
2024-03-29T16:16:00,-2.22,0.5,0.44,0.02,2.89,99,
2024-03-29T16:17:00,-2.08,0.5,0.45,0.02,2.75,99,
2024-03-29T16:18:00,-2.05,0.5,0.45,0.02,2.73,99,
2024-03-29T16:19:00,-1.86,0.51,0.46,0.02,2.54,99,
2024-03-29T16:20:00,-1.61,0.51,0.46,0.02,2.29,99,
2024-03-29T16:21:00,-1.41,0.52,0.49,0.02,2.1,99,
2024-03-29T16:22:00,-1.41,0.59,0.54,0.02,2.16,99,
2024-03-29T16:23:00,-1.53,0.58,0.54,0.02,2.27,99,
2024-03-29T16:24:00,-1.38,0.58,0.54,0.02,2.14,99,
2024-03-29T16:25:00,-1.3,0.58,0.54,0.02,2.04,99,
2024-03-29T16:26:00,-1.18,0.58,0.54,0.02,1.93,99,
2024-03-29T16:27:00,-0.98,0.59,0.55,0.02,1.71,99,
2024-03-29T16:28:00,-0.88,0.59,0.55,0.02,1.61,99,
2024-03-29T16:29:00,-0.74,0.66,0.63,0.02,1.53,99,
2024-03-29T16:30:00,-0.79,0.64,0.62,0.02,1.57,99,
2024-03-29T16:31:00,-0.81,0.61,0.58,0.02,1.55,99,
2024-03-29T16:32:00,-0.75,0.59,0.55,0.02,1.47,99,
2024-03-29T16:33:00,-0.7,0.59,0.55,0.02,1.41,99,
2024-03-29T16:34:00,-0.68,0.59,0.56,0.02,1.4,99,
2024-03-29T16:35:00,-0.7,0.59,0.55,0.02,1.41,99,
2024-03-29T16:36:00,-0.8,0.59,0.55,0.02,1.5,99,
2024-03-29T16:37:00,-0.89,0.56,0.51,0.02,1.56,99,
2024-03-29T16:38:00,-1.3,0.11,0.06,0.02,1.53,99,
2024-03-29T16:39:00,-1.28,0.11,0.06,0.02,1.5,99,
2024-03-29T16:40:00,-1.26,0.11,0.06,0.02,1.47,99,
2024-03-29T16:41:00,-1.23,0.11,0.07,0.02,1.45,99,
2024-03-29T16:42:00,-1.23,0.11,0.07,0.02,1.43,99,
2024-03-29T16:43:00,-1.21,0.11,0.07,0.02,1.43,99,
2024-03-29T16:44:00,-1.21,0.11,0.07,0.02,1.42,99,
2024-03-29T16:45:00,-1.15,0.15,0.13,0.02,1.42,99,
2024-03-29T16:46:00,-1.15,0.16,0.13,0.02,1.43,99,
2024-03-29T16:47:00,-1.2,0.14,0.11,0.02,1.46,99,
2024-03-29T16:48:00,-1.28,0.1,0.06,0.02,1.49,99,
2024-03-29T16:49:00,-1.28,0.1,0.06,0.02,1.49,99,
2024-03-29T16:50:00,-1.26,0.1,0.06,0.02,1.46,99,
2024-03-29T16:51:00,-1.23,0.1,0.06,0.02,1.45,99,
2024-03-29T16:52:00,-1.19,0.11,0.07,0.02,1.41,99,
2024-03-29T16:53:00,-1.16,0.11,0.07,0.02,1.39,99,
2024-03-29T16:54:00,-1.09,0.11,0.07,0.02,1.32,99,
2024-03-29T16:55:00,-1,0.11,0.07,0.02,1.23,99,
2024-03-29T16:56:00,-0.92,0.11,0.08,0.02,1.16,99,
2024-03-29T16:57:00,-0.86,0.11,0.08,0.02,1.1,99,
2024-03-29T16:58:00,-0.82,0.11,0.08,0.02,1.05,99,
2024-03-29T16:59:00,-0.8,0.08,0.04,0.02,1.01,99,
2024-03-29T17:00:00,-0.81,0.05,0.01,0.02,0.98,99,
2024-03-29T17:01:00,-0.77,0.08,0.05,0.02,0.95,99,
2024-03-29T17:02:00,-0.71,0.11,0.08,0.02,0.95,99,
2024-03-29T17:03:00,-0.71,0.11,0.08,0.02,0.94,99,
2024-03-29T17:04:00,-0.75,0.05,0.02,0.02,0.92,99,
2024-03-29T17:05:00,-0.74,0.05,0.02,0.02,0.9,99,
2024-03-29T17:06:00,-0.73,0.05,0.02,0.02,0.88,99,
2024-03-29T17:07:00,-0.72,0.05,0.02,0.02,0.87,99,
2024-03-29T17:08:00,-0.71,0.05,0.02,0.02,0.86,99,
2024-03-29T17:09:00,-0.72,0.05,0.02,0.02,0.86,99,
2024-03-29T17:10:00,-0.72,0.05,0.02,0.02,0.87,99,
2024-03-29T17:11:00,-0.72,0.05,0.02,0.02,0.87,99,
2024-03-29T17:12:00,-0.71,0.05,0.02,0.02,0.86,99,
2024-03-29T17:13:00,-0.7,0.05,0.02,0.02,0.85,99,
2024-03-29T17:14:00,-0.71,0.05,0.02,0.02,0.86,99,
2024-03-29T17:15:00,-0.72,0.05,0.02,0.02,0.86,99,
2024-03-29T17:16:00,-0.7,0.05,0.02,0.02,0.85,99,
2024-03-29T17:17:00,-0.7,0.06,0.03,0.02,0.85,99,
2024-03-29T17:18:00,-0.63,0.11,0.09,0.02,0.85,99,
2024-03-29T17:19:00,-0.63,0.11,0.08,0.02,0.85,99,
2024-03-29T17:20:00,-0.66,0.09,0.06,0.02,0.85,99,
2024-03-29T17:21:00,-0.7,0.05,0.02,0.02,0.85,99,
2024-03-29T17:22:00,-0.69,0.05,0.02,0.02,0.84,99,
2024-03-29T17:23:00,-0.68,0.05,0.02,0.02,0.84,99,
2024-03-29T17:24:00,-0.67,0.05,0.02,0.02,0.82,99,
2024-03-29T17:25:00,-0.66,0.05,0.02,0.02,0.81,99,
2024-03-29T17:26:00,-0.64,0.05,0.02,0.02,0.8,99,
2024-03-29T17:27:00,-0.63,0.05,0.02,0.02,0.78,99,
2024-03-29T17:28:00,-0.63,0.05,0.02,0.02,0.78,99,
2024-03-29T17:29:00,-0.61,0.05,0.02,0.02,0.77,99,
2024-03-29T17:30:00,-0.61,0.05,0.02,0.02,0.76,99,
2024-03-29T17:31:00,-0.6,0.05,0.02,0.02,0.75,99,
2024-03-29T17:32:00,-0.58,0.05,0.02,0.02,0.73,99,
2024-03-29T17:33:00,-0.57,0.05,0.02,0.02,0.71,99,
2024-03-29T17:34:00,-0.55,0.05,0.02,0.02,0.7,99,
2024-03-29T17:35:00,-0.48,0.1,0.08,0.02,0.68,99,
2024-03-29T17:36:00,-0.45,0.12,0.09,0.02,0.67,99,
2024-03-29T17:37:00,-0.4,0.16,0.13,0.02,0.65,99,
2024-03-29T17:38:00,-0.39,0.13,0.1,0.02,0.63,99,
2024-03-29T17:39:00,-0.4,0.13,0.1,0.02,0.62,99,
2024-03-29T17:40:00,-0.38,0.12,0.1,0.02,0.6,99,
2024-03-29T17:41:00,-0.37,0.12,0.1,0.02,0.59,99,
2024-03-29T17:42:00,-0.36,0.12,0.1,0.02,0.57,99,
2024-03-29T17:43:00,-0.34,0.12,0.1,0.02,0.55,99,
2024-03-29T17:44:00,-0.32,0.13,0.1,0.02,0.54,99,
2024-03-29T17:45:00,-0.31,0.13,0.1,0.02,0.52,99,
2024-03-29T17:46:00,-0.29,0.13,0.1,0.02,0.5,99,
2024-03-29T17:47:00,-0.28,0.13,0.1,0.02,0.49,99,
2024-03-29T17:48:00,-0.27,0.13,0.1,0.02,0.49,99,
2024-03-29T17:49:00,-0.25,0.13,0.1,0.02,0.48,99,
2024-03-29T17:50:00,-0.24,0.13,0.1,0.02,0.46,99,
2024-03-29T17:51:00,-0.23,0.13,0.1,0.02,0.45,99,
2024-03-29T17:52:00,-0.2,0.14,0.11,0.02,0.44,99,
2024-03-29T17:53:00,-0.14,0.2,0.17,0.02,0.44,99,
2024-03-29T17:54:00,-0.15,0.19,0.17,0.02,0.44,99,
2024-03-29T17:55:00,-0.17,0.16,0.14,0.02,0.44,99,
2024-03-29T17:56:00,-0.19,0.13,0.1,0.02,0.43,99,
2024-03-29T17:57:00,-0.18,0.13,0.1,0.02,0.41,99,
2024-03-29T17:58:00,-0.16,0.13,0.1,0.02,0.39,99,
2024-03-29T17:59:00,-0.14,0.13,0.1,0.02,0.37,99,
2024-03-29T18:00:00,-0.12,0.13,0.1,0.02,0.34,99,
2024-03-29T18:01:00,-0.1,0.13,0.1,0.02,0.32,99,
2024-03-29T18:02:00,-0.1,0.13,0.1,0.02,0.31,99,
2024-03-29T18:03:00,-0.08,0.13,0.11,0.02,0.3,99,
2024-03-29T18:04:00,-0.07,0.13,0.11,0.02,0.29,99,
2024-03-29T18:05:00,-0.07,0.13,0.11,0.02,0.28,99,
2024-03-29T18:06:00,-0.06,0.13,0.11,0.02,0.27,99,
2024-03-29T18:07:00,-0.05,0.13,0.11,0.02,0.26,99,
2024-03-29T18:08:00,-0.05,0.13,0.11,0.02,0.25,99,
2024-03-29T18:09:00,-0.04,0.13,0.11,0.02,0.25,99,
2024-03-29T18:10:00,0,0.19,0.17,0.02,0.24,99,
2024-03-29T18:11:00,0,0.2,0.17,0.02,0.23,99,
2024-03-29T18:12:00,0.01,0.18,0.15,0.02,0.23,99,
2024-03-29T18:13:00,0,0.13,0.11,0.02,0.22,99,
2024-03-29T18:14:00,0,0.07,0.04,0.02,0.21,99,
2024-03-29T18:15:00,0,0.07,0.04,0.02,0.21,99,
2024-03-29T18:16:00,-0.04,0.07,0.04,0.02,0.2,99.43,
2024-03-29T18:17:00,-0.1,0.06,0.04,0.02,0.19,100,
2024-03-29T18:18:00,-0.03,0.07,0.04,0.02,0.19,100,
2024-03-29T18:19:00,-0.02,0.07,0.04,0.02,0.18,100,
2024-03-29T18:20:00,-0.02,0.07,0.04,0.02,0.17,100,
2024-03-29T18:21:00,-0.02,0.07,0.04,0.02,0.17,100,
2024-03-29T18:22:00,-0.01,0.07,0.04,0.02,0.17,100,
2024-03-29T18:23:00,-0.01,0.07,0.04,0.02,0.16,100,
2024-03-29T18:24:00,0,0.07,0.04,0.02,0.16,100,
2024-03-29T18:25:00,0,0.07,0.04,0.02,0.15,100,
2024-03-29T18:26:00,0,0.07,0.04,0.02,0.15,100,
2024-03-29T18:27:00,0,0.13,0.1,0.02,0.14,100,
2024-03-29T18:28:00,0.01,0.13,0.11,0.02,0.13,100,
2024-03-29T18:29:00,0,0.12,0.09,0.02,0.13,100,
2024-03-29T18:30:00,0,0.07,0.04,0.02,0.12,100,
2024-03-29T18:31:00,0,0.07,0.04,0.02,0.12,100,
2024-03-29T18:32:00,0,0.07,0.04,0.02,0.11,100,
2024-03-29T18:33:00,0,0.07,0.04,0.02,0.1,100,
2024-03-29T18:34:00,0,0.07,0.04,0.02,0.09,100,
2024-03-29T18:35:00,0,0.07,0.04,0.02,0.09,100,
2024-03-29T18:36:00,0,0.07,0.04,0.02,0.08,100,
2024-03-29T18:37:00,0.01,0.07,0.04,0.02,0.08,100,
2024-03-29T18:38:00,0,0.07,0.04,0.02,0.07,100,
2024-03-29T18:39:00,0,0.07,0.04,0.02,0.07,100,
2024-03-29T18:40:00,0,0.07,0.04,0.02,0.06,100,
2024-03-29T18:41:00,0,0.07,0.04,0.02,0.05,100,
2024-03-29T18:42:00,0.01,0.07,0.04,0.02,0.04,100,
2024-03-29T18:43:00,0.01,0.07,0.04,0.02,0.04,100,
2024-03-29T18:44:00,0,0.1,0.08,0.02,0.03,100,
2024-03-29T18:45:00,0,0.13,0.11,0.02,0.03,100,
2024-03-29T18:46:00,0,0.13,0.11,0.02,0.03,100,
2024-03-29T18:47:00,0,0.07,0.04,0.02,0.02,100,
2024-03-29T18:48:00,0.01,0.07,0.04,0.02,0.02,100,
2024-03-29T18:49:00,0,0.07,0.04,0.02,0.02,100,
2024-03-29T18:50:00,0,0.07,0.04,0.02,0.02,100,
2024-03-29T18:51:00,0,0.08,0.05,0.02,0.01,100,
2024-03-29T18:52:00,0,0.14,0.12,0.02,0.01,100,
2024-03-29T18:53:00,0.01,0.14,0.11,0.02,0.01,100,
2024-03-29T18:54:00,0.01,0.14,0.11,0.02,0.01,100,
2024-03-29T18:55:00,0,0.14,0.11,0.02,0.01,100,
2024-03-29T18:56:00,0,0.14,0.11,0.02,0.01,100,
2024-03-29T18:57:00,0,0.14,0.11,0.02,0.01,100,
2024-03-29T18:58:00,0,0.14,0.11,0.02,0.01,100,
2024-03-29T18:59:00,0.01,0.14,0.11,0.02,0.01,100,
2024-03-29T19:00:00,0,0.14,0.11,0.02,0.01,100,
2024-03-29T19:01:00,0,0.18,0.16,0.02,0.01,100,
2024-03-29T19:02:00,0,0.2,0.18,0.02,0.01,100,
2024-03-29T19:03:00,0,0.19,0.16,0.02,0.01,100,
2024-03-29T19:04:00,0.01,0.13,0.11,0.02,0.01,100,
2024-03-29T19:05:00,0,0.13,0.11,0.02,0.01,100,
2024-03-29T19:06:00,0,0.14,0.11,0.02,0.01,100,
2024-03-29T19:07:00,0.01,0.14,0.11,0.02,0,100,
2024-03-29T19:08:00,0.01,0.13,0.11,0.02,0,100,
2024-03-29T19:09:00,0.01,0.13,0.11,0.02,0,100,
2024-03-29T19:10:00,0,0.13,0.11,0.02,0,100,
2024-03-29T19:11:00,0.01,0.13,0.11,0.02,0,100,
2024-03-29T19:12:00,0.01,0.13,0.11,0.02,0,100,
2024-03-29T19:13:00,0.01,0.13,0.11,0.02,0,100,
2024-03-29T19:14:00,0.01,0.13,0.11,0.02,0,100,
2024-03-29T19:15:00,0.01,0.13,0.11,0.02,0,100,
2024-03-29T19:16:00,0.01,0.13,0.11,0.02,0,100,
2024-03-29T19:17:00,0.01,0.13,0.11,0.02,0,100,
2024-03-29T19:18:00,0.02,0.2,0.18,0.02,0,100,
2024-03-29T19:19:00,0.01,0.2,0.17,0.02,0,100,
2024-03-29T19:20:00,0.01,0.17,0.14,0.02,0,100,
2024-03-29T19:21:00,0.01,0.13,0.11,0.02,0,100,
2024-03-29T19:22:00,0.01,0.13,0.11,0.02,0,100,
2024-03-29T19:23:00,0.01,0.13,0.11,0.02,0,100,
2024-03-29T19:24:00,0.01,0.13,0.11,0.02,0,100,
2024-03-29T19:25:00,0.01,0.13,0.11,0.02,0,100,
2024-03-29T19:26:00,0.01,0.13,0.11,0.02,0,100,
2024-03-29T19:27:00,0.01,0.14,0.12,0.02,0,100,
2024-03-29T19:28:00,0.01,0.13,0.1,0.02,0,100,
2024-03-29T19:29:00,0.01,0.08,0.05,0.02,0,100,
2024-03-29T19:30:00,0.01,0.07,0.05,0.02,0,100,
2024-03-29T19:31:00,0.01,0.07,0.04,0.02,0,100,
2024-03-29T19:32:00,0.01,0.07,0.04,0.02,0,100,
2024-03-29T19:33:00,0.01,0.07,0.04,0.02,0,100,
2024-03-29T19:34:00,0.01,0.07,0.05,0.02,0,100,
2024-03-29T19:35:00,0.01,0.14,0.11,0.02,0,100,
2024-03-29T19:36:00,0.01,0.13,0.11,0.02,0,100,
2024-03-29T19:37:00,0.01,0.1,0.07,0.02,0,100,
2024-03-29T19:38:00,0.01,0.07,0.04,0.02,0,100,
2024-03-29T19:39:00,0.01,0.07,0.04,0.02,0,100,
2024-03-29T19:40:00,0.01,0.07,0.04,0.02,0,100,
2024-03-29T19:41:00,0.01,0.07,0.04,0.02,0,100,
2024-03-29T19:42:00,0.01,0.07,0.04,0.02,0,100,
2024-03-29T19:43:00,0,0.07,0.04,0.02,0,100,
2024-03-29T19:44:00,0,0.07,0.04,0.02,0,100,
2024-03-29T19:45:00,0,0.07,0.04,0.02,0,100,
2024-03-29T19:46:00,0,0.07,0.04,0.02,0,100,
2024-03-29T19:47:00,0,0.07,0.04,0.02,0,100,
2024-03-29T19:48:00,0.01,0.07,0.04,0.02,0,100,
2024-03-29T19:49:00,0.01,0.07,0.04,0.02,0,100,
2024-03-29T19:50:00,0.01,0.07,0.04,0.02,0,100,
2024-03-29T19:51:00,0,0.07,0.04,0.02,0,100,
2024-03-29T19:52:00,0,0.13,0.1,0.02,0,100,
2024-03-29T19:53:00,0,0.13,0.11,0.02,0,100,
2024-03-29T19:54:00,0,0.11,0.08,0.02,0,100,
2024-03-29T19:55:00,0,0.07,0.04,0.02,0,100,
2024-03-29T19:56:00,0.01,0.07,0.04,0.02,0,100,
2024-03-29T19:57:00,0.01,0.07,0.04,0.02,0,100,
2024-03-29T19:58:00,0.01,0.07,0.04,0.02,0,100,
2024-03-29T19:59:00,0.01,0.07,0.04,0.02,0,100,
2024-03-29T20:00:00,0.01,0.07,0.04,0.02,0,100,
2024-03-29T20:01:00,0.01,0.07,0.04,0.02,0,100,
2024-03-29T20:02:00,0,0.07,0.04,0.02,0,100,
2024-03-29T20:03:00,0,0.07,0.04,0.02,0,100,
2024-03-29T20:04:00,0,0.07,0.04,0.02,0,100,
2024-03-29T20:05:00,0,0.07,0.04,0.02,0,98,
2024-03-29T20:06:00,0,0.11,0.08,0.02,0,98,
2024-03-29T20:07:00,0.01,0.14,0.12,0.02,0,98,
2024-03-29T20:08:00,0.01,0.14,0.11,0.02,0,98,
2024-03-29T20:09:00,0,0.19,0.16,0.02,0,98,
2024-03-29T20:10:00,0.01,0.2,0.18,0.02,0,98,
2024-03-29T20:11:00,0.01,0.19,0.16,0.02,0,98,
2024-03-29T20:12:00,0,0.14,0.11,0.02,0,98,
2024-03-29T20:13:00,0.01,0.14,0.12,0.02,0,98,
2024-03-29T20:14:00,0.01,0.15,0.12,0.02,0,98,
2024-03-29T20:15:00,0.01,0.15,0.12,0.02,0,98,
2024-03-29T20:16:00,0.01,0.14,0.12,0.02,0,98,
2024-03-29T20:17:00,0.01,0.14,0.11,0.02,0,98,
2024-03-29T20:18:00,0.01,0.14,0.11,0.02,0,97.27,
2024-03-29T20:19:00,0.01,0.14,0.11,0.02,0,97,
2024-03-29T20:20:00,0,0.14,0.11,0.02,0,97,
2024-03-29T20:21:00,0,0.14,0.12,0.02,0,97,
2024-03-29T20:22:00,0,0.15,0.12,0.02,0,97,
2024-03-29T20:23:00,0,0.15,0.12,0.02,0,97,
2024-03-29T20:24:00,0.01,0.14,0.11,0.02,0,97,
2024-03-29T20:25:00,0.01,0.13,0.11,0.02,0,97,
2024-03-29T20:26:00,0.01,0.17,0.15,0.02,0,97,
2024-03-29T20:27:00,0.01,0.2,0.17,0.02,0,97,
2024-03-29T20:28:00,0.01,0.2,0.18,0.02,0,97,
2024-03-29T20:29:00,0.01,0.15,0.12,0.02,0,97,
2024-03-29T20:30:00,0.01,0.14,0.12,0.02,0,97,
2024-03-29T20:31:00,0.01,0.14,0.12,0.02,0,97,
2024-03-29T20:32:00,0.01,0.13,0.11,0.02,0,97,
2024-03-29T20:33:00,0,0.13,0.11,0.02,0,97,
2024-03-29T20:34:00,0,0.13,0.11,0.02,0,97,
2024-03-29T20:35:00,0,0.13,0.11,0.02,0,97,
2024-03-29T20:36:00,0,0.13,0.11,0.02,0,97,
2024-03-29T20:37:00,0,0.13,0.11,0.02,0,97,
2024-03-29T20:38:00,0,0.13,0.11,0.02,0,97,
2024-03-29T20:39:00,0,0.13,0.11,0.02,0,97,
2024-03-29T20:40:00,0,0.13,0.11,0.02,0,97,
2024-03-29T20:41:00,0,0.13,0.11,0.02,0,97,
2024-03-29T20:42:00,0.01,0.13,0.11,0.02,0,97,
2024-03-29T20:43:00,0.01,0.16,0.14,0.02,0,97,
2024-03-29T20:44:00,0.01,0.2,0.17,0.02,0,96.67,
2024-03-29T20:45:00,0.01,0.2,0.17,0.02,0,96,
2024-03-29T20:46:00,0.01,0.14,0.11,0.02,0,96,
2024-03-29T20:47:00,0.01,0.13,0.11,0.02,0,96,
2024-03-29T20:48:00,0.01,0.13,0.11,0.02,0,96,
2024-03-29T20:49:00,0.01,0.13,0.11,0.02,0,96,
2024-03-29T20:50:00,0.01,0.13,0.11,0.02,0,96,
2024-03-29T20:51:00,0,0.13,0.11,0.02,0,96,
2024-03-29T20:52:00,0,0.13,0.11,0.02,0,96,
2024-03-29T20:53:00,0.01,0.13,0.11,0.02,0,96,
2024-03-29T20:54:00,0.01,0.13,0.11,0.02,0,96,
2024-03-29T20:55:00,0,0.13,0.11,0.02,0,96,
2024-03-29T20:56:00,0,0.13,0.11,0.02,0,96,
2024-03-29T20:57:00,0.01,0.13,0.11,0.02,0,96,
2024-03-29T20:58:00,0.01,0.13,0.11,0.02,0,96,
2024-03-29T20:59:00,0.01,0.13,0.11,0.02,0,96,
2024-03-29T21:00:00,0.01,0.18,0.15,0.02,0,96,
2024-03-29T21:01:00,0.01,0.2,0.17,0.02,0,96,
2024-03-29T21:02:00,0.01,0.19,0.16,0.02,0,96,
2024-03-29T21:03:00,0.01,0.13,0.11,0.02,0,96,
2024-03-29T21:04:00,0.01,0.13,0.11,0.02,0,96,
2024-03-29T21:05:00,0.01,0.32,0.29,0.02,0,96,
2024-03-29T21:06:00,0.01,0.33,0.31,0.02,0,96,
2024-03-29T21:07:00,0.01,0.33,0.31,0.02,0,96,
2024-03-29T21:08:00,0.01,0.33,0.3,0.02,0,96,
2024-03-29T21:09:00,0.01,0.33,0.3,0.02,0,96,
2024-03-29T21:10:00,0.01,0.33,0.3,0.02,0,96,
2024-03-29T21:11:00,0.01,0.33,0.3,0.02,0,96,
2024-03-29T21:12:00,0.01,0.33,0.3,0.02,0,96,
2024-03-29T21:13:00,0.01,0.33,0.3,0.02,0,96,
2024-03-29T21:14:00,0.01,0.33,0.3,0.02,0,95.87,
2024-03-29T21:15:00,0.01,0.19,0.16,0.02,0,95,
2024-03-29T21:16:00,0.01,0.07,0.04,0.02,0,95,
2024-03-29T21:17:00,0.01,0.13,0.1,0.02,0,95,
2024-03-29T21:18:00,0.01,0.13,0.11,0.02,0,95,
2024-03-29T21:19:00,0,0.1,0.08,0.02,0,95,
2024-03-29T21:20:00,0,0.07,0.04,0.02,0,95,
2024-03-29T21:21:00,0,0.07,0.04,0.02,0,95,
2024-03-29T21:22:00,0,0.07,0.04,0.02,0,95,
2024-03-29T21:23:00,0,0.07,0.04,0.02,0,95,
2024-03-29T21:24:00,0,0.07,0.04,0.02,0,95,
2024-03-29T21:25:00,0.02,0.12,0.1,0.02,0,95,
2024-03-29T21:26:00,0.01,0.16,0.13,0.02,0,95,
2024-03-29T21:27:00,0.01,0.16,0.14,0.02,0,95,
2024-03-29T21:28:00,0.01,0.17,0.14,0.02,0,95,
2024-03-29T21:29:00,0.01,0.16,0.14,0.02,0,95,
2024-03-29T21:30:00,0.01,0.16,0.13,0.02,0,95,
2024-03-29T21:31:00,0.01,0.15,0.12,0.02,0,95,
2024-03-29T21:32:00,0.01,0.14,0.12,0.02,0,95,
2024-03-29T21:33:00,0.01,0.14,0.11,0.02,0,95,
2024-03-29T21:34:00,0.01,0.2,0.17,0.02,0,95,
2024-03-29T21:35:00,0.01,0.19,0.17,0.02,0,95,
2024-03-29T21:36:00,0,0.17,0.14,0.02,0,95,
2024-03-29T21:37:00,0.01,0.13,0.1,0.02,0,95,
2024-03-29T21:38:00,0.01,0.14,0.11,0.02,0,95,
2024-03-29T21:39:00,0.01,0.14,0.11,0.02,0,95,
2024-03-29T21:40:00,0.01,0.14,0.11,0.02,0,95,
2024-03-29T21:41:00,0.01,0.14,0.11,0.02,0,95,
2024-03-29T21:42:00,0.01,0.15,0.12,0.02,0,95,
2024-03-29T21:43:00,0.01,0.15,0.12,0.02,0,94.23,
2024-03-29T21:44:00,0.01,0.15,0.12,0.02,0,94,
2024-03-29T21:45:00,0.01,0.14,0.11,0.02,0,94,
2024-03-29T21:46:00,0.01,0.14,0.11,0.02,0,94,
2024-03-29T21:47:00,0.01,0.15,0.12,0.02,0,94,
2024-03-29T21:48:00,0.01,0.15,0.12,0.02,0,94,
2024-03-29T21:49:00,0.01,0.15,0.12,0.02,0,94,
2024-03-29T21:50:00,0.01,0.15,0.12,0.02,0,94,
2024-03-29T21:51:00,0.02,0.18,0.16,0.02,0,94,
2024-03-29T21:52:00,0.01,0.21,0.18,0.02,0,94,
2024-03-29T21:53:00,0.01,0.2,0.17,0.02,0,94,
2024-03-29T21:54:00,0,0.14,0.11,0.02,0,94,
2024-03-29T21:55:00,0.01,0.14,0.12,0.02,0,94,
2024-03-29T21:56:00,0.01,0.15,0.12,0.02,0,94,
2024-03-29T21:57:00,0.01,0.15,0.12,0.02,0,94,
2024-03-29T21:58:00,0.01,0.14,0.11,0.02,0,94,
2024-03-29T21:59:00,0.01,0.13,0.11,0.02,0,94,
2024-03-29T22:00:00,0.01,0.13,0.11,0.02,0,94,
2024-03-29T22:01:00,0.01,0.13,0.11,0.02,0,94,
2024-03-29T22:02:00,0.01,0.13,0.11,0.02,0,94,
2024-03-29T22:03:00,0.01,0.13,0.11,0.02,0,94,
2024-03-29T22:04:00,0.01,0.13,0.11,0.02,0,94,
2024-03-29T22:05:00,0.01,0.13,0.11,0.02,0,94,
2024-03-29T22:06:00,0.01,0.13,0.11,0.02,0,94,
2024-03-29T22:07:00,0.01,0.13,0.11,0.02,0,94,
2024-03-29T22:08:00,0.01,0.14,0.12,0.02,0,94,
2024-03-29T22:09:00,0.01,0.2,0.17,0.02,0,94,
2024-03-29T22:10:00,0.01,0.2,0.17,0.02,0,94,
2024-03-29T22:11:00,0.01,0.15,0.13,0.02,0,94,
2024-03-29T22:12:00,0.01,0.13,0.11,0.02,0,94,
2024-03-29T22:13:00,0.01,0.13,0.11,0.02,0,94,
2024-03-29T22:14:00,0.01,0.13,0.11,0.02,0,94,
2024-03-29T22:15:00,0.01,0.13,0.11,0.02,0,94,
2024-03-29T22:16:00,0.01,0.13,0.11,0.02,0,94,
2024-03-29T22:17:00,0.01,0.12,0.1,0.02,0,94,
2024-03-29T22:18:00,0.01,0.07,0.05,0.02,0,94,
2024-03-29T22:19:00,0,0.08,0.05,0.02,0,94,
2024-03-29T22:20:00,0,0.08,0.05,0.02,0,94,
2024-03-29T22:21:00,0,0.07,0.05,0.02,0,94,
2024-03-29T22:22:00,0,0.07,0.04,0.02,0,94,
2024-03-29T22:23:00,0,0.07,0.04,0.02,0,94,
2024-03-29T22:24:00,0,0.07,0.04,0.02,0,94,
2024-03-29T22:25:00,0.01,0.07,0.04,0.02,0,93.77,
2024-03-29T22:26:00,0.01,0.14,0.11,0.02,0,93,
2024-03-29T22:27:00,0.01,0.13,0.11,0.02,0,93,
2024-03-29T22:28:00,0.01,0.11,0.08,0.02,0,93,
2024-03-29T22:29:00,0.01,0.07,0.04,0.02,0,93,
2024-03-29T22:30:00,0,0.07,0.04,0.02,0,93,
2024-03-29T22:31:00,0,0.07,0.04,0.02,0,93,
2024-03-29T22:32:00,0,0.08,0.05,0.02,0,93,
2024-03-29T22:33:00,0,0.08,0.05,0.02,0,93,
2024-03-29T22:34:00,0,0.08,0.05,0.02,0,93,
2024-03-29T22:35:00,0,0.08,0.05,0.02,0,93,
2024-03-29T22:36:00,0.01,0.08,0.05,0.02,0,93,
2024-03-29T22:37:00,0.01,0.08,0.05,0.02,0,93,
2024-03-29T22:38:00,0.01,0.08,0.05,0.02,0,93,
2024-03-29T22:39:00,0,0.07,0.04,0.02,0,93,
2024-03-29T22:40:00,0,0.07,0.04,0.02,0,93,
2024-03-29T22:41:00,0,0.08,0.05,0.02,0,93,
2024-03-29T22:42:00,0,0.08,0.05,0.02,0,93,
2024-03-29T22:43:00,0.01,0.11,0.09,0.02,0,93,
2024-03-29T22:44:00,0.01,0.14,0.11,0.02,0,93,
2024-03-29T22:45:00,0.01,0.13,0.1,0.02,0,93,
2024-03-29T22:46:00,0.01,0.07,0.04,0.02,0,93,
2024-03-29T22:47:00,0.01,0.07,0.04,0.02,0,93,
2024-03-29T22:48:00,0.01,0.07,0.04,0.02,0,93,
2024-03-29T22:49:00,0.01,0.07,0.04,0.02,0,93,
2024-03-29T22:50:00,0.01,0.07,0.04,0.02,0,93,
2024-03-29T22:51:00,0.01,0.07,0.04,0.02,0,93,
2024-03-29T22:52:00,0,0.07,0.04,0.02,0,93,
2024-03-29T22:53:00,0,0.07,0.04,0.02,0,93,
2024-03-29T22:54:00,0,0.07,0.04,0.02,0,93,
2024-03-29T22:55:00,0.01,0.13,0.11,0.02,0,93,
2024-03-29T22:56:00,0.01,0.14,0.12,0.02,0,93,
2024-03-29T22:57:00,0.01,0.14,0.11,0.02,0,93,
2024-03-29T22:58:00,0.01,0.14,0.11,0.02,0,93,
2024-03-29T22:59:00,0.01,0.14,0.11,0.02,0,93,
2024-03-29T23:00:00,0.01,0.19,0.16,0.02,0,93,
2024-03-29T23:01:00,0.01,0.2,0.17,0.02,0,93,
2024-03-29T23:02:00,0.01,0.19,0.17,0.02,0,92.2,
2024-03-29T23:03:00,0.01,0.14,0.11,0.02,0,92,
2024-03-29T23:04:00,0.01,0.14,0.11,0.02,0,92,
2024-03-29T23:05:00,0,0.14,0.11,0.02,0,92,
2024-03-29T23:06:00,0,0.14,0.11,0.02,0,92,
2024-03-29T23:07:00,0,0.14,0.11,0.02,0,92,
2024-03-29T23:08:00,0,0.14,0.11,0.02,0,92,
2024-03-29T23:09:00,0.01,0.14,0.11,0.02,0,92,
2024-03-29T23:10:00,0.01,0.14,0.11,0.02,0,92,
2024-03-29T23:11:00,0.01,0.14,0.11,0.02,0,92,
2024-03-29T23:12:00,0.01,0.13,0.11,0.02,0,92,
2024-03-29T23:13:00,0.01,0.13,0.11,0.02,0,92,
2024-03-29T23:14:00,0.01,0.13,0.11,0.02,0,92,
2024-03-29T23:15:00,0.01,0.13,0.11,0.02,0,92,
2024-03-29T23:16:00,0.01,0.13,0.11,0.02,0,92,
2024-03-29T23:17:00,0.01,0.16,0.13,0.02,0,92,
2024-03-29T23:18:00,0,0.2,0.17,0.02,0,92,
2024-03-29T23:19:00,0,0.2,0.17,0.02,0,92,
2024-03-29T23:20:00,0,0.14,0.11,0.02,0,92,
2024-03-29T23:21:00,0.01,0.13,0.11,0.02,0,92,
2024-03-29T23:22:00,0.01,0.13,0.11,0.02,0,92,
2024-03-29T23:23:00,0.01,0.13,0.11,0.02,0,92,
2024-03-29T23:24:00,0.01,0.13,0.11,0.02,0,92,
2024-03-29T23:25:00,0.01,0.13,0.11,0.02,0,92,
2024-03-29T23:26:00,0.01,0.13,0.11,0.02,0,92,
2024-03-29T23:27:00,0.01,0.13,0.11,0.02,0,92,
2024-03-29T23:28:00,0.01,0.13,0.11,0.02,0,92,
2024-03-29T23:29:00,0.01,0.13,0.11,0.02,0,92,
2024-03-29T23:30:00,0.01,0.13,0.11,0.02,0,92,
2024-03-29T23:31:00,0,0.13,0.11,0.02,0,92,
2024-03-29T23:32:00,0,0.1,0.08,0.02,0,92,
2024-03-29T23:33:00,0,0.07,0.04,0.02,0,92,
2024-03-29T23:34:00,0,0.09,0.06,0.02,0,92,
2024-03-29T23:35:00,0.01,0.13,0.11,0.02,0,92,
2024-03-29T23:36:00,0.01,0.13,0.11,0.02,0,92,
2024-03-29T23:37:00,0.01,0.09,0.07,0.02,0,92,
2024-03-29T23:38:00,0.01,0.07,0.04,0.02,0,92,
2024-03-29T23:39:00,0.01,0.07,0.04,0.02,0,92,
2024-03-29T23:40:00,0.01,0.07,0.04,0.02,0,92,
2024-03-29T23:41:00,0.01,0.07,0.04,0.02,0,92,
2024-03-29T23:42:00,0.01,0.07,0.04,0.02,0,92,
2024-03-29T23:43:00,0,0.07,0.04,0.02,0,92,
2024-03-29T23:44:00,0,0.07,0.04,0.02,0,92,
2024-03-29T23:45:00,0,0.07,0.04,0.02,0,92,
2024-03-29T23:46:00,0,0.07,0.04,0.02,0,92,
2024-03-29T23:47:00,0.01,0.07,0.04,0.02,0,91.9,
2024-03-29T23:48:00,0.01,0.07,0.04,0.02,0,91,
2024-03-29T23:49:00,0.01,0.07,0.04,0.02,0,91,
2024-03-29T23:50:00,0.01,0.07,0.04,0.02,0,91,
2024-03-29T23:51:00,0.01,0.07,0.04,0.02,0,91,
2024-03-29T23:52:00,0.01,0.11,0.08,0.02,0,91,
2024-03-29T23:53:00,0.01,0.13,0.11,0.02,0,91,
2024-03-29T23:54:00,0.01,0.13,0.11,0.02,0,91,
2024-03-29T23:55:00,0,0.07,0.04,0.02,0,91,
2024-03-29T23:56:00,0,0.07,0.04,0.02,0,91,
2024-03-29T23:57:00,0,0.07,0.04,0.02,0,91,
2024-03-29T23:58:00,0,0.07,0.04,0.02,0,91,
2024-03-29T23:59:00,0.01,0.07,0.04,0.02,0,91,
